time_s,Ia_pu,Ib_pu,Ic_pu
5.98,0.0024377366381903155,-0.9052033907504948,0.8987463449072144
5.9801,0.025533997147775128,-0.9291163628015086,0.8893703475561169
5.9802,0.07363677223849313,-0.9285986533495714,0.8796322335876106
5.9803,0.10878987493010898,-0.9572669865762573,0.857516640076692
5.9803999999999995,0.11907366670425101,-0.9699671784615638,0.8342339579332994
5.980499999999999,0.15740277833388466,-0.972366368838776,0.8141735859328588
5.980599999999999,0.2016474361845818,-0.9816174442460319,0.7930204445636915
5.980699999999999,0.23051848896873584,-0.9943695237890107,0.7698638906881042
5.980799999999999,0.2649191212655666,-1.0208763246735657,0.7723785256358209
5.980899999999998,0.2897873284228635,-1.0117156998828116,0.7328014396364654
5.980999999999998,0.33473909586956374,-1.0320933772062437,0.7129172770899259
5.981099999999998,0.36454239920169246,-1.0288779320135562,0.6764631998269508
5.981199999999998,0.38898604059516473,-1.0481988103977813,0.6526445305716793
5.981299999999997,0.42713917924571804,-1.0383548622757899,0.6214436512876957
5.981399999999997,0.45105949295870607,-1.0525191313682125,0.5782867414680997
5.981499999999997,0.4691899471624939,-1.059447826554461,0.5602211746915959
5.981599999999997,0.5073188658678702,-1.0455316547674094,0.5279709121920445
5.9816999999999965,0.5245740922189435,-1.050257605171766,0.4952023375617878
5.981799999999996,0.5667298626277671,-1.0569066605246555,0.47398209057277324
5.981899999999996,0.5863451713478344,-1.0390137384016023,0.4641493316690462
5.981999999999996,0.6118913899325131,-1.0515774355745553,0.42291375982391455
5.9820999999999955,0.6341227221208974,-1.0440106189618534,0.4030750884007599
5.982199999999995,0.6751070611391354,-1.037112990148119,0.36532005149914093
5.982299999999995,0.6893776996563079,-1.038005583901986,0.3374042222942362
5.982399999999995,0.7119705269446183,-1.0218660693720365,0.2928988991286807
5.982499999999995,0.7368166247160024,-1.0213181635060768,0.27312317786794393
5.982599999999994,0.7675322250957552,-1.0106218861668859,0.24345482031044757
5.982699999999994,0.7891852239446598,-0.9856106410732753,0.201572077380886
5.982799999999994,0.8118394328718255,-0.9929721103215866,0.17908217408430893
5.982899999999994,0.8334857642705457,-0.9910899234454891,0.14740728637969866
5.982999999999993,0.8678370928767642,-0.9450991665881481,0.10659453344162494
5.983099999999993,0.8672194485188401,-0.9229039206895541,0.06995412519105765
5.983199999999993,0.8851845683669123,-0.9310177238938593,0.03723459818648188
5.983299999999993,0.9005772688239471,-0.9269608837053612,0.014995739956905976
5.9833999999999925,0.9287689553689531,-0.8968972390359375,-0.015654355981191408
5.983499999999992,0.9485393821007254,-0.8789431265805269,-0.05734220733382388
5.983599999999992,0.9531489323406456,-0.8597339534064371,-0.08365694585197603
5.983699999999992,0.9607622798941051,-0.8480242785450169,-0.11227853698297904
5.983799999999992,0.9731746871762954,-0.814736414333926,-0.14493642755024344
5.983899999999991,0.9961299939821175,-0.7947893267874472,-0.1705234920931958
5.983999999999991,1.0069065164878497,-0.7899061707026368,-0.20574028768895913
5.984099999999991,1.0142421956689942,-0.7506660740892788,-0.2568818703540264
5.984199999999991,1.0124377667844038,-0.7174755024273335,-0.26814759670832944
5.98429999999999,1.026444247583292,-0.7094697285459448,-0.31836628693855645
5.98439999999999,1.031340340189062,-0.6897849950372763,-0.3379457561214049
5.98449999999999,1.0370063043993278,-0.6637383983191342,-0.3775584160099537
5.98459999999999,1.0461421706444385,-0.6324567124314595,-0.4127382567581777
5.9846999999999895,1.0439682071736573,-0.6252512238562358,-0.45471702679793663
5.984799999999989,1.0497400651442137,-0.5833653092945603,-0.4718587624325795
5.984899999999989,1.046118853892082,-0.5603309639181163,-0.5125570360395237
5.984999999999989,1.0483129551895198,-0.5142173998996451,-0.5212616061100892
5.9850999999999885,1.0506285271430684,-0.5014753520341398,-0.5450729110590036
5.985199999999988,1.032651510081173,-0.45714314546866464,-0.5910557228266259
5.985299999999988,1.039622073053176,-0.4490853775089052,-0.6089900850660691
5.985399999999988,1.03540775918728,-0.40474298840314415,-0.6431818987374944
5.985499999999988,1.0301457728405305,-0.37554710691518406,-0.6676302504393548
5.985599999999987,1.0282057157073192,-0.35325711661120673,-0.6808904361043584
5.985699999999987,1.0365464874900532,-0.3126993059923434,-0.711153717294904
5.985799999999987,1.0108351955188115,-0.2719161356973791,-0.7199797979423328
5.985899999999987,1.0176431883611687,-0.25146187253371066,-0.7601175077674944
5.985999999999986,0.987497524947433,-0.22949183554736854,-0.7699562350794618
5.986099999999986,0.9882461714420239,-0.18307903567347666,-0.7982060784813949
5.986199999999986,0.981072561425312,-0.15710133803338783,-0.8130066793912494
5.986299999999986,0.9721733103635829,-0.1195815607888703,-0.8426944354638929
5.9863999999999855,0.9597503246433915,-0.08452233074751436,-0.8586110333744262
5.986499999999985,0.9458543816439778,-0.06464721842570359,-0.8775773340120965
5.986599999999985,0.9210513194140328,-0.031195701653454797,-0.9011018241411943
5.986699999999985,0.9033886363125329,0.01816023029839826,-0.9061695270999618
5.986799999999985,0.8961463172536916,0.04252587526500717,-0.9225735777220291
5.986899999999984,0.8689403340552373,0.05841831790739855,-0.9385501067477388
5.986999999999984,0.840498421487681,0.11726970669630776,-0.9456909373136692
5.987099999999984,0.8209728985390962,0.14505674234635224,-0.9601929223852192
5.987199999999984,0.8011819536958551,0.16889485252017236,-0.9876469794175562
5.987299999999983,0.7902389573871498,0.19565061402340492,-0.993527363641729
5.987399999999983,0.7644131575050132,0.2443115696015111,-1.0123175851009585
5.987499999999983,0.7451575759577099,0.2717263752080615,-1.0168637021978209
5.987599999999983,0.7119791283566115,0.3191668933457907,-1.030433155310422
5.9876999999999825,0.6918822530469606,0.3345052604715392,-1.0200876939543704
5.987799999999982,0.6703314535870734,0.3651338160072861,-1.0363547125255734
5.987899999999982,0.6370953861640546,0.3914151548546149,-1.0460117133774955
5.987999999999982,0.6170244907471115,0.4298034560964907,-1.038503267626458
5.9880999999999815,0.5814491711130593,0.4585503678373695,-1.0679880924717111
5.988199999999981,0.5567978294507445,0.49355876242913616,-1.0681076668722747
5.988299999999981,0.5291912498796338,0.5090300244298376,-1.0458240521035183
5.988399999999981,0.4948021424366274,0.5389726018419575,-1.0507584682746813
5.988499999999981,0.4799600667180746,0.5674124235328198,-1.0471831789508743
5.98859999999998,0.4435641995053958,0.6058268219107464,-1.056677508961114
5.98869999999998,0.4182212025462243,0.6391390786550337,-1.0421113091439673
5.98879999999998,0.3923037682924493,0.6504614600381239,-1.020780859632622
5.98889999999998,0.36189231313314013,0.6769776297438846,-1.0241665439493306
5.9889999999999795,0.3330269929491905,0.7083358224401562,-1.0224612604333299
5.989099999999979,0.29582379597445946,0.7284552590614095,-1.0195324066849396
5.989199999999979,0.2616671440364346,0.7617418918374704,-1.0105481289514895
5.989299999999979,0.23241068402752205,0.7588857493873794,-1.014987901816325
5.9893999999999785,0.1871260374949605,0.792105500698834,-0.9856597327397604
5.989499999999978,0.15624331461686278,0.813307954950362,-0.969931556859937
5.989599999999978,0.12410035132218197,0.8208756187930761,-0.9774792108168697
5.989699999999978,0.09328738258576615,0.8506267061704782,-0.9575376214261523
5.989799999999978,0.0708313564934642,0.8689491709811055,-0.9480539481460981
5.989899999999977,0.026610037562479653,0.8916510633618296,-0.9322188612644565
5.989999999999977,-0.0030253004244905055,0.9182304011033072,-0.908898820962649
5.990099999999977,-0.023460043607439952,0.9225355664896697,-0.9099351178455078
5.990199999999977,-0.07048327443259522,0.9305477213196596,-0.871356256409075
5.990299999999976,-0.0953652326433472,0.9517906499519784,-0.8523049731744532
5.990399999999976,-0.1421508896457183,0.9732676451653987,-0.8414472876054043
5.990499999999976,-0.16946371484395453,0.9688877511936032,-0.8394129537113264
5.990599999999976,-0.20822488939084519,0.9804362570308506,-0.8066904900920394
5.9906999999999755,-0.23576069430709934,1.0024227103723768,-0.7670367522498074
5.990799999999975,-0.25833106541845324,1.0056192572065135,-0.7763494168689153
5.990899999999975,-0.31043024322161195,1.0211998529259767,-0.7332015383702205
5.990999999999975,-0.3242285229150269,1.0237097384567475,-0.7152632108883235
5.991099999999975,-0.35641817889244287,1.0363734500894515,-0.67393925716531
5.991199999999974,-0.39321099465320136,1.0285283100009517,-0.6595330956125818
5.991299999999974,-0.42968971241815074,1.0418287622487343,-0.6239204509792126
5.991399999999974,-0.44674238215215645,1.0443808200179892,-0.5949767248006899
5.991499999999974,-0.48030022853134596,1.039459621958938,-0.5565554421952549
5.991599999999973,-0.5025074498977511,1.0387343922759689,-0.5440793971881248
5.991699999999973,-0.5320703358548725,1.0576767536272857,-0.5101922528353623
5.991799999999973,-0.5468880290803237,1.0491872270559508,-0.4954254062072068
5.991899999999973,-0.5886594236491846,1.0424449269410587,-0.44402637773474174
5.9919999999999725,-0.621558268775626,1.0472827847073607,-0.42935331995728127
5.992099999999972,-0.6381359533903581,1.0532916312134502,-0.39723661162210655
5.992199999999972,-0.6635667569519557,1.0210183949678946,-0.3622101732499845
5.992299999999972,-0.6797404349050378,1.0210751469113346,-0.3436468264585299
5.9923999999999715,-0.7087162595488339,1.0182520681859561,-0.2982759148670165
5.992499999999971,-0.7367787246410749,1.0287399756646753,-0.2611918400583655
5.992599999999971,-0.7515673284760762,1.009589475454933,-0.23528163585726317
5.992699999999971,-0.7957717758589947,1.002650320118067,-0.21889643623960578
5.992799999999971,-0.8136555842359021,0.975526134551386,-0.17559632548147833
5.99289999999997,-0.8374518037727634,0.9628313937990258,-0.13694155309476178
5.99299999999997,-0.8538223904904209,0.9615691722852872,-0.1260148645456845
5.99309999999997,-0.8814842578259541,0.9437647389613515,-0.0875344007670989
5.99319999999997,-0.8842013026207867,0.9321654803248142,-0.03969527601639392
5.993299999999969,-0.908865232222773,0.909964811456783,-0.012142932155373877
5.993399999999969,-0.935607570340665,0.8966385170419855,0.021566207581066855
5.993499999999969,-0.9476322364051666,0.8779182956651772,0.06587795914365836
5.993599999999969,-0.9515524012190889,0.8644367017952244,0.08761805080311649
5.9936999999999685,-0.9607785191637154,0.8455732404696321,0.1221059373480143
5.993799999999968,-0.963796689765619,0.8064139275231812,0.17156791747776085
5.993899999999968,-0.9676143519490483,0.7810072373517322,0.18122809658190092
5.993999999999968,-0.9976452076498499,0.7859648889301707,0.20957307223006522
5.994099999999968,-1.0178132664808914,0.7657614486939613,0.25229391007045154
5.994199999999967,-1.034818214686889,0.7257319981319769,0.28512821461229226
5.994299999999967,-1.0224452652985736,0.6959667279584113,0.3099047517591451
5.994399999999967,-1.03691038247721,0.6878786723142849,0.3380455624572863
5.994499999999967,-1.0385796537059344,0.6700490784203514,0.3965810643878719
5.994599999999966,-1.0440675148125427,0.6517595227525265,0.4120558094865274
5.994699999999966,-1.0433057698742103,0.6155362315950008,0.4343971688615443
5.994799999999966,-1.0357809147929535,0.5817067013518775,0.47781368876225033
5.994899999999966,-1.0443218327964157,0.550062207356092,0.49920880893790637
5.9949999999999655,-1.0472690786963095,0.5290916103431813,0.5269769484197662
5.995099999999965,-1.0538634513591647,0.49768785253951187,0.561705435284875
5.995199999999965,-1.0577062201980523,0.4623657031188394,0.5743453767600156
5.995299999999965,-1.0460699060572287,0.4566454971407442,0.6142268686313503
5.9953999999999645,-1.039601000828987,0.42372240896146224,0.6526824050172507
5.995499999999964,-1.0211133563188677,0.3871906985013979,0.6663317938899864
5.995599999999964,-1.0293646575466033,0.33893793545335615,0.6840766968993339
5.995699999999964,-1.016725040913487,0.3209586295114337,0.7067885689512126
5.995799999999964,-1.0217562092344048,0.2867332976756975,0.7306142624856665
5.995899999999963,-1.0193765116577558,0.2524119039007816,0.7542279465082956
5.995999999999963,-1.0086814172204508,0.2259534564981304,0.7749284734721612
5.996099999999963,-0.99672706020069,0.18802150221233316,0.8063158773087765
5.996199999999963,-0.962742779047754,0.1558020671732667,0.8055072306388019
5.996299999999962,-0.9740546251495336,0.12193808355431215,0.8460131746039738
5.996399999999962,-0.9473525983784532,0.08659595986180657,0.8551770704684516
5.996499999999962,-0.9467310211906349,0.03673311166759309,0.8796689252590033
5.996599999999962,-0.9163885358928442,0.018939403565868294,0.8853974639367215
5.9966999999999615,-0.9040078429290715,-0.018753231277330445,0.9220952279074833
5.996799999999961,-0.890535613389215,-0.05694635248787352,0.9377406494442786
5.996899999999961,-0.8707968688679213,-0.06548173967998684,0.950975268509422
5.996999999999961,-0.8559422136425786,-0.09715899166882108,0.9458686243353097
5.997099999999961,-0.8264706186442307,-0.13200401949429572,0.9784206493605012
5.99719999999996,-0.8121774398317546,-0.172564143770163,0.9878862625969329
5.99729999999996,-0.796066517550193,-0.19538025473682916,0.9836696122094668
5.99739999999996,-0.773497252216495,-0.23752868097878702,1.0071344005143101
5.99749999999996,-0.7382529897890281,-0.2673091920050328,1.0199668206368495
5.997599999999959,-0.7027644194817928,-0.3088538460406832,1.0300837619061738
5.997699999999959,-0.6893340026156588,-0.32796782123845525,1.0344663473614428
5.997799999999959,-0.6662758370502273,-0.3615491034425378,1.0415941490617742
5.997899999999959,-0.637283549371117,-0.4031717952229457,1.0560563714896496
5.9979999999999585,-0.6029222749192216,-0.42367882604625606,1.0578604874798445
5.998099999999958,-0.5849895186370019,-0.45418752273113644,1.027686729562623
5.998199999999958,-0.5629896780763526,-0.4691644730204282,1.0494553376744686
5.998299999999958,-0.523394843357663,-0.506046901143892,1.0508735531250102
5.9983999999999575,-0.5009388081002684,-0.5423642981059433,1.0372254272781545
5.998499999999957,-0.4637782389425391,-0.5692549504149836,1.049940213819432
5.998599999999957,-0.4458535427360646,-0.5991467091098918,1.0560564023147085
5.998699999999957,-0.4279170018571044,-0.6287753950045923,1.0332328965815263
5.998799999999957,-0.39940306862221525,-0.662791601556158,1.0395001424266634
5.998899999999956,-0.34511264027420496,-0.681584234580993,1.0234335530908587
5.998999999999956,-0.3139145863184091,-0.7117919906965207,1.0184436166067736
5.999099999999956,-0.2980478335639482,-0.7404238753673816,1.0278391244793372
5.999199999999956,-0.268119029109133,-0.7500356880906636,1.003051083577703
5.9992999999999554,-0.22135687538419227,-0.7737698504277744,1.0016520186170559
5.999399999999955,-0.20948107843042296,-0.8130128011602444,0.9727511111810666
5.999499999999955,-0.17497803055542796,-0.8205487627173697,0.991593962221555
5.999599999999955,-0.12953533387110577,-0.831472855800541,0.9696954757727468
5.9996999999999545,-0.10442219819711243,-0.8498620238100546,0.9507862875494717
5.999799999999954,-0.06767413762114324,-0.8680637251608121,0.9433986031713898
5.999899999999954,-0.03516141320128823,-0.8929485949390038,0.9132174962777589
5.999999999999954,0.002700596374833398,-0.9160870365902143,0.9187869199148094
6.000099999999954,0.04511372487251333,-1.1682988992942493,1.1320111147404808
6.000199999999953,0.0683578419116118,-1.1602789021763054,1.2298098116010134
6.000299999999953,0.1064168675296353,-1.0727289817830417,1.0134566533332645
6.000399999999953,0.1182805713897902,-0.9475757042395474,0.7929630811177955
6.000499999999953,0.16743046715804202,-0.9111320330760567,0.7974175271511952
6.000599999999952,0.1938788707817673,-1.0701966963651317,0.716924032776798
6.000699999999952,0.22329792520914896,-0.9505535059896804,0.7451226383979129
6.000799999999952,0.2580283115754251,-0.9258240218312672,0.6624563440900716
6.000899999999952,0.29393869230331415,-0.9205416546660427,0.6034578648157047
6.0009999999999515,0.3350311323951975,-0.9392017682057708,0.6762453791183827
6.001099999999951,0.34770892196225495,-1.1273764662423396,0.661817148511507
6.001199999999951,0.3887028469413407,-1.118467530803173,0.6567505631965928
6.001299999999951,0.41424789410943685,-1.033159477407246,0.661465261516126
6.0013999999999506,0.4446980334521422,-1.1290066403512757,0.5735088690001294
6.00149999999995,0.48408634945455525,-1.2084734975963747,0.8145362772956095
6.00159999999995,0.5086737830780051,-1.2298415891967358,0.6156194811384536
6.00169999999995,0.5429443378720804,-1.0401942501804322,0.5161560818844063
6.00179999999995,0.5584662147704692,-0.8799377772337328,0.376833406731587
6.001899999999949,0.5811770377297143,-0.8637950732129307,0.23316866084742865
6.001999999999949,0.6115794182933851,-0.9409911871174383,0.22283753615022978
6.002099999999949,0.6415101327940577,-1.0648427697661575,0.29436420778236166
6.002199999999949,0.666739317285347,-1.0246582262961423,0.40812613954393784
6.0022999999999485,0.6819388309231948,-1.0643383975968284,0.3418183337191046
6.002399999999948,0.7161210677633971,-1.1358142157852549,0.48008623190610045
6.002499999999948,0.7414595197497449,-1.175810889982482,0.41116824221627174
6.002599999999948,0.7834135439006146,-1.0404694696825816,0.27004333480541454
6.0026999999999475,0.8012764283093368,-0.9258147541694826,0.14340995695801884
6.002799999999947,0.8017116251642732,-0.8465420276516924,0.05509496510039316
6.002899999999947,0.827740129344155,-0.9842932529160409,0.13321706831674132
6.002999999999947,0.8389963760457195,-0.9663335911480018,0.13672535260871252
6.003099999999947,0.8657451125292545,-0.8942317374392742,0.0031665268081027542
6.003199999999946,0.8918073502197086,-0.8768199475526649,-0.04070215952379807
6.003299999999946,0.9167342796090157,-0.8887634899523756,-0.09182103255312593
6.003399999999946,0.9180084492788773,-0.8842502505938393,0.014788225347285796
6.003499999999946,0.9342744322314047,-0.9150318054443121,-0.03338602674208913
6.003599999999945,0.936882199757486,-0.9195785980039478,0.027772296379012698
6.003699999999945,0.9661822043394833,-0.8798472881199985,-0.07320115106951933
6.003799999999945,0.9712712216015136,-0.8721348387345703,-0.11830702814096929
6.003899999999945,0.9866897362556796,-0.81078017230088,-0.13647573230187038
6.0039999999999445,0.993945596888485,-0.7688946097047556,-0.2599087837238956
6.004099999999944,1.0091428610846402,-0.6724707739843994,-0.39164610740825667
6.004199999999944,1.0037000173084512,-0.5944569305374816,-0.43774123751543886
6.004299999999944,1.012850595032703,-0.6232541599451114,-0.4110087769803724
6.004399999999944,1.047440830609693,-0.7405849926286788,-0.3722495973924395
6.004499999999943,1.0249574149732754,-0.7569466355337704,-0.303755219983947
6.004599999999943,1.0303964557916145,-0.7174985185221974,-0.3573298537298009
6.004699999999943,1.0568747510088423,-0.6445829864706772,-0.39614833705719354
6.004799999999943,1.067549293992776,-0.6444019578399849,-0.45527427193421544
6.004899999999942,1.0362056883051773,-0.5734955222535525,-0.5032762992593891
6.004999999999942,1.0430540083456958,-0.5018669442949069,-0.5120403579068296
6.005099999999942,1.0483106657442751,-0.4718461507943429,-0.6044463595773273
6.005199999999942,1.0581383377960492,-0.4220547517858845,-0.6241724253005475
6.0052999999999415,1.0342845861577967,-0.43851465259085703,-0.6556542221881202
6.005399999999941,1.0372085176556867,-0.3975974644523834,-0.6344815976496356
6.005499999999941,1.041475496236999,-0.3505690662997214,-0.6820915285865712
6.005599999999941,1.0338849823153353,-0.322171505304503,-0.725695476521346
6.0056999999999405,1.0215777084332647,-0.30740612320398514,-0.7020192380969401
6.00579999999994,1.0166912607316312,-0.32366489703691015,-0.6879584774522425
6.00589999999994,0.9988977950613758,-0.30447467976886544,-0.6788589153647965
6.00599999999994,0.9990550931729585,-0.2916552973462152,-0.7256939031436738
6.00609999999994,0.9887941517667501,-0.19090361177503878,-0.7945135291756972
6.006199999999939,0.9816278960269172,-0.14652544876199347,-0.8596949738486612
6.006299999999939,0.9630409139681212,-0.059913693457313046,-0.8810452731223836
6.006399999999939,0.9578328201918993,-0.024670523547138,-0.9124616572611599
6.006499999999939,0.9476093303119483,0.012976760843018804,-0.9493458246105383
6.006599999999938,0.9250845546208911,-0.001966863138927716,-0.9272425376438627
6.006699999999938,0.9099015019290634,-0.018008694642179864,-0.8882656910004587
6.006799999999938,0.8897077529927562,-0.008520368866918641,-0.8703275742561275
6.006899999999938,0.8704714438079763,0.025407938585588583,-0.9061258798778321
6.0069999999999375,0.8449314478154266,0.10443975958220784,-0.9331813898542864
6.007099999999937,0.8325711503542982,0.15689891906601958,-0.9789842540768718
6.007199999999937,0.8077592792068738,0.18292166060426024,-0.9994431388020787
6.007299999999937,0.8030070179168283,0.20311515543459485,-1.0177386185414559
6.007399999999937,0.7758605908472359,0.21993373142522643,-1.0024709380314338
6.007499999999936,0.7427204655568994,0.2627322099620554,-1.0588749803397355
6.007599999999936,0.7092926918612906,0.29760036784361577,-1.0213436873975972
6.007699999999936,0.681714643754276,0.34218732877393254,-1.0709919005172208
6.007799999999936,0.6748558740720716,0.379995482166183,-1.039631135125197
6.007899999999935,0.6416721522952348,0.4097723663308743,-1.0171913509141852
6.007999999999935,0.6172114360862332,0.4045492519975971,-1.0347502178338879
6.008099999999935,0.5727878907584433,0.4426952235674076,-1.0142776872753845
6.008199999999935,0.567121768088571,0.44739223258179606,-1.008210660314709
6.0082999999999345,0.5358805157503723,0.47220940844058873,-1.0171604783098598
6.008399999999934,0.49548541413926045,0.5434715070896035,-1.0577376730729953
6.008499999999934,0.4722920884256317,0.5920438951878838,-1.1059804343666029
6.008599999999934,0.4494291558755216,0.6494897752488868,-1.08592334757182
6.0086999999999335,0.418540983997121,0.6359752818814213,-1.0764881418383272
6.008799999999933,0.38612042554886317,0.6421929559594374,-1.0482004702963783
6.008899999999933,0.35749215759468694,0.6490934596441791,-1.0305086725241002
6.008999999999933,0.325688093066292,0.6855089498219454,-1.0185498482666842
6.009099999999933,0.297832179961886,0.7045030630525483,-0.9782834070856049
6.009199999999932,0.2768254663314775,0.7191130740933545,-0.9779454222204015
6.009299999999932,0.21251516220226913,0.7638172401088903,-0.9991742224155691
6.009399999999932,0.19872991086568056,0.795006727656477,-1.000790453718716
6.009499999999932,0.16923231378252732,0.8419509725333731,-1.0036239070466935
6.009599999999931,0.1370499001539573,0.8340368692287708,-0.9643762160654693
6.009699999999931,0.09829004057156075,0.839476964090356,-0.9579467170482697
6.009799999999931,0.053579388435491676,0.8899526512120958,-0.9416874837109124
6.009899999999931,0.03647783389076851,0.8928494260465689,-0.9549664770490294
6.0099999999999305,0.013818801736851028,0.915440203501394,-0.9112139841449489
6.01009999999993,-0.04612476121336209,0.9253164771621754,-0.898256727878984
6.01019999999993,-0.06072253853887465,0.9376146911560513,-0.8656692460930291
6.01029999999993,-0.10389355896050823,0.9649524951328352,-0.8556934941775296
6.01039999999993,-0.13517254295682674,0.9598965966258424,-0.8411323373304539
6.010499999999929,-0.17624340245134484,0.9931778070814178,-0.8155775301123358
6.010599999999929,-0.2033003623152743,0.9859174045034672,-0.8155766798725544
6.010699999999929,-0.22264807292735667,0.9877381871338582,-0.777245036450101
6.010799999999929,-0.26039228856746627,1.0079509027761266,-0.7381453492114322
6.010899999999928,-0.2827531869782622,1.0074100137939377,-0.7293625790326586
6.010999999999928,-0.31828461693725624,1.0178048660051833,-0.7052798993188396
6.011099999999928,-0.3548073702655751,1.0339364073018409,-0.6759907925528469
6.011199999999928,-0.37450631878441704,1.0412535916198822,-0.6469673420612714
6.0112999999999275,-0.41460930429948756,1.036948097850853,-0.6431318167008956
6.011399999999927,-0.4406955127860479,1.0539655812915827,-0.612959020021339
6.011499999999927,-0.4784368544738846,1.0584468114147336,-0.569562918597645
6.011599999999927,-0.5038364930486876,1.062732629910722,-0.5481748741473726
6.0116999999999265,-0.537824543592631,1.0564260686019147,-0.5027044057082551
6.011799999999926,-0.5517855887214936,1.0629022758107398,-0.4860663575071111
6.011899999999926,-0.5961710076018722,1.0355767817713564,-0.4690259321407826
6.011999999999926,-0.607111486083057,1.0455089638151922,-0.4334133605215685
6.012099999999926,-0.6410953669179975,1.0373314383061063,-0.4147479864806557
6.012199999999925,-0.6559567536641493,1.040218104622492,-0.3639051952037451
6.012299999999925,-0.6846069835854938,1.0284766626801511,-0.33265082472829
6.012399999999925,-0.7008319802436013,1.024305896989235,-0.30350177679113216
6.012499999999925,-0.7337874955740511,1.0321079437767962,-0.2603005379440179
6.0125999999999244,-0.7758500736402368,1.0059710212249853,-0.22803694776765893
6.012699999999924,-0.7867972967970983,0.9998221207371594,-0.20754836312764546
6.012799999999924,-0.8179136295045013,0.9827892672707436,-0.19168340048133622
6.012899999999924,-0.8341854349706616,0.9723933871110355,-0.13793953168941123
6.0129999999999235,-0.8386140845895759,0.9580347960016085,-0.10654807260471627
6.013099999999923,-0.8653704981493737,0.9468851368486605,-0.07646114011021536
6.013199999999923,-0.8948739536154331,0.9370980300656675,-0.03885578686957043
6.013299999999923,-0.9151971895693641,0.9246453313728972,-0.023622320415949635
6.013399999999923,-0.9235788632339956,0.8968903278938237,0.03434047799814767
6.013499999999922,-0.9492400849434356,0.8813697180827496,0.0433265786420816
6.013599999999922,-0.9594296342112719,0.8490076466179038,0.08986341197716154
6.013699999999922,-0.9649874559284031,0.8384141602839027,0.10334405169368954
6.013799999999922,-0.9705280406047767,0.8268952192068394,0.14243983574628177
6.013899999999921,-0.9860551598943188,0.8059131349115556,0.1950694822048606
6.013999999999921,-1.0192907991803726,0.7796438036213857,0.21386893573947274
6.014099999999921,-1.0074620276844357,0.763350799634789,0.2555909197100676
6.014199999999921,-1.0171855758517165,0.7378231159707341,0.2835119294715631
6.0142999999999205,-1.021275834711363,0.72044786128788,0.313278809631473
6.01439999999992,-1.0174771762589963,0.6894012670132578,0.3572155411981194
6.01449999999992,-1.0517627018368698,0.6597567860966906,0.37620903839906134
6.01459999999992,-1.043899567819962,0.6400654966405783,0.39519515684827244
6.0146999999999196,-1.0374521921993218,0.587961096023783,0.4338295311627652
6.014799999999919,-1.0569615118340823,0.587743520828416,0.4748957801595351
6.014899999999919,-1.0337706289511517,0.5280199497401712,0.5032460429875113
6.014999999999919,-1.0430531470983948,0.5152122927640315,0.5164635339749665
6.015099999999919,-1.0388055494502022,0.5036961189916972,0.5514125121413779
6.015199999999918,-1.0488763059333779,0.4743064810766855,0.5800266640996807
6.015299999999918,-1.0356693332661009,0.4309560217068836,0.6084820942348778
6.015399999999918,-1.0306229679761296,0.4037442454242767,0.6263714578347122
6.015499999999918,-1.0333937714684374,0.3890666369565194,0.6575754037159263
6.0155999999999175,-1.0285316465792662,0.3424324975980967,0.6812575098363395
6.015699999999917,-1.022424211090345,0.33206183743129186,0.7170176772618807
6.015799999999917,-1.0246686065674089,0.2816009275894455,0.7403699527498199
6.015899999999917,-1.0110771909722345,0.25213582833743675,0.7550931642577531
6.0159999999999165,-1.0021806633866068,0.22889112956506916,0.7748146073573549
6.016099999999916,-0.9878581007744924,0.18398675001431747,0.8001047802668829
6.016199999999916,-0.971771942937388,0.14186320145264147,0.8128403025955222
6.016299999999916,-0.9759518203775281,0.11596501368909552,0.8299425175343284
6.016399999999916,-0.9550605842573902,0.08358474272354324,0.850692792989479
6.016499999999915,-0.9276559593916772,0.04008406750291209,0.8715748376532714
6.016599999999915,-0.9297898258338618,0.01622377839100482,0.885105576811912
6.016699999999915,-0.9136654508042612,-0.020241232343446523,0.9127626558374481
6.016799999999915,-0.8876640606817997,-0.03931276275426461,0.9336132951457844
6.016899999999914,-0.86371568714391,-0.0786593776260039,0.930601757890022
6.016999999999914,-0.8506125036440433,-0.11325332037425961,0.9581876922247715
6.017099999999914,-0.8194075115423792,-0.1437272397268896,0.9700281944236515
6.017199999999914,-0.8016832201386578,-0.17282087494308035,0.9873794913744001
6.0172999999999135,-0.7795271109154405,-0.20125074209231839,0.9964082720364315
6.017399999999913,-0.7588408196221673,-0.24562280423840566,0.995699985340254
6.017499999999913,-0.721012468339147,-0.2772642712666949,1.006951430329475
6.017599999999913,-0.7170384430553796,-0.2912686413393382,1.025870548316554
6.017699999999913,-0.706642113872396,-0.3344424466377201,1.0412785037806525
6.017799999999912,-0.6524926955610522,-0.3733669275964163,1.0215507987560484
6.017899999999912,-0.6432317539476444,-0.38920007659899875,1.0470332929879993
6.017999999999912,-0.6125072453103847,-0.4195622906893557,1.0575691922413875
6.018099999999912,-0.5762681731814756,-0.46579540826434973,1.0493989621823236
6.018199999999911,-0.572520336570798,-0.4817091086160394,1.056396466081017
6.018299999999911,-0.5422583307638226,-0.5073159430189011,1.0465662086983591
6.018399999999911,-0.5171790831179396,-0.5394607699915542,1.0502872862664576
6.018499999999911,-0.482417377211939,-0.566189397010062,1.0362194412083148
6.0185999999999105,-0.4438023253991398,-0.6107345609064759,1.0273115936697637
6.01869999999991,-0.4139277468744874,-0.6245037618735791,1.0494675658702064
6.01879999999991,-0.38624760160748917,-0.6565531420404633,1.0289289754979443
6.01889999999991,-0.36962219081728326,-0.6842381408179389,1.0271159181522207
6.0189999999999095,-0.34618473959204843,-0.6988587597563295,1.0127273747734722
6.019099999999909,-0.29617685118909576,-0.718587154959395,1.0047402177851188
6.019199999999909,-0.2688277388238962,-0.7397705021594577,1.0060008445420328
6.019299999999909,-0.2293733435635765,-0.7663815047246865,0.9921177011565201
6.019399999999909,-0.1950090839796727,-0.7995970145122887,0.9907446240985208
6.019499999999908,-0.16671428296284466,-0.8167455243036009,0.9803157290876189
6.019599999999908,-0.12860088356129146,-0.8333038839043322,0.9674410533786523
6.019699999999908,-0.09943166623711165,-0.8573663901181515,0.954155092624246
6.019799999999908,-0.06339264505845287,-0.8752243063923731,0.951416376737384
6.019899999999907,-0.03949125613197821,-0.8866698755314103,0.9159553015639325
6.019999999999907,-0.0014368913421614177,-0.9098009351273089,0.9088871950585244
6.020099999999907,0.03542807873932514,-0.9303303471798795,0.9023214191813171
6.020199999999907,0.07419739044385526,-0.9421100155988178,0.8863867384028431
6.0202999999999065,0.09811542778982738,-0.9471750032507017,0.846961704552042
6.020399999999906,0.1388512862282151,-0.9648503098557177,0.8369396233814212
6.020499999999906,0.16569350402262387,-0.9739737418995853,0.8304322544126302
6.020599999999906,0.19968437559011745,-0.9823602221571711,0.8027837739405347
6.020699999999906,0.239684582013551,-1.0009530503944837,0.778462071990065
6.020799999999905,0.2491090475274462,-1.001341560817002,0.7523839850918674
6.020899999999905,0.28623990118956183,-1.0129892345668872,0.7273509436839065
6.020999999999905,0.315846428862268,-1.0336974174812448,0.7081289571828143
6.021099999999905,0.33965113473107106,-1.0192217025706942,0.6783568265962006
6.021199999999904,0.38303167946547007,-1.0408148928594247,0.6537915550456972
6.021299999999904,0.42411672076027823,-1.0551662021972819,0.6277808728131291
6.021399999999904,0.44504034566254147,-1.054426689807043,0.594075835945652
6.021499999999904,0.4776466074944247,-1.0573551106353778,0.5755022839241088
6.0215999999999035,0.5130825995426258,-1.050824829308605,0.5657698188463502
6.021699999999903,0.5428666420578487,-1.0543815653891935,0.49898471469834244
6.021799999999903,0.5591491567140205,-1.0546895018553661,0.4861370625885735
6.021899999999903,0.5975732657271879,-1.0456655534717518,0.44746816555322866
6.0219999999999025,0.6141073020836495,-1.045333213315426,0.42788846981413386
6.022099999999902,0.6328709726612157,-1.041739097392575,0.39312303811744737
6.022199999999902,0.6605715275882853,-1.0359856700761647,0.3681270291050793
6.022299999999902,0.6787696433889242,-1.0281191790913136,0.3405478043295389
6.022399999999902,0.70829207866913,-1.0424987864609385,0.30164544406234917
6.022499999999901,0.7367695595929276,-1.0199660507554331,0.27798798857093227
6.022599999999901,0.7697024317445501,-1.0247704601146803,0.21887072331687785
6.022699999999901,0.8000278300579052,-0.9962233027879304,0.21890887413154528
6.022799999999901,0.7974801198355659,-0.9846844856908481,0.17760634836411435
6.0228999999999004,0.8331818159728474,-0.9634234226122003,0.15150053118680845
6.0229999999999,0.8423795605377702,-0.9484855874197033,0.10123194848158872
6.0230999999999,0.8742683453397134,-0.9416763439384181,0.07229011362619787
6.0231999999999,0.8882338169769852,-0.9317784584042178,0.047875131224804815
6.0232999999998995,0.8924402040271132,-0.9075848904955154,0.014167392536979498
6.023399999999899,0.9312674959058509,-0.8986367083411207,-0.01600588619713086
6.023499999999899,0.9346675980424658,-0.8766644842101452,-0.042325879372287
6.023599999999899,0.949789310081917,-0.8503254721599877,-0.09799139107445907
6.023699999999899,0.9589255124075625,-0.8435793449955754,-0.10905228066771779
6.023799999999898,0.9745362706774545,-0.8129274743784118,-0.14981569795723065
6.023899999999898,0.9943483751952559,-0.7935661748594078,-0.1845687879125082
6.023999999999898,0.9994465283819383,-0.7855892603009424,-0.22772505619102243
6.024099999999898,1.0125262575330283,-0.7484684949375273,-0.24484714951448416
6.024199999999897,1.020657219267333,-0.7283084515409946,-0.300929149162605
6.024299999999897,1.0351522502371286,-0.7100300041281665,-0.308931322782176
6.024399999999897,1.027664564504082,-0.693184981427321,-0.35824158527512645
6.024499999999897,1.023441933086674,-0.6694760207755305,-0.37767464568811904
6.0245999999998965,1.0477085197502203,-0.6416800672061821,-0.4103944124003049
6.024699999999896,1.0395275374043051,-0.6070650953302852,-0.43089914671305596
6.024799999999896,1.0532254961946859,-0.5923254362827312,-0.4719154876751974
6.024899999999896,1.0486452382408487,-0.553707154359286,-0.5056350786190932
6.0249999999998956,1.0449508997583732,-0.5389340442608247,-0.533052821538097
6.025099999999895,1.0483684284895125,-0.5017145188663619,-0.5470241901402493
6.025199999999895,1.059916857122601,-0.4696090643487912,-0.5803900591336639
6.025299999999895,1.0587952870188413,-0.42069441079450787,-0.6144908908339658
6.025399999999895,1.039725789505917,-0.42045958701079555,-0.6392703378972124
6.025499999999894,1.0365383203771068,-0.3663261925231194,-0.6751397892997065
6.025599999999894,1.0390167749818475,-0.3451059993463134,-0.6839786001059167
6.025699999999894,1.0178216687439463,-0.31082909959556404,-0.724923936839838
6.025799999999894,1.020426407432167,-0.28066950311544014,-0.7278826105298678
6.0258999999998935,1.0096900587486637,-0.24531372438455606,-0.7552306751773405
6.025999999999893,1.0034717488208864,-0.21718561521974028,-0.758855311322693
6.026099999999893,0.9842583012442192,-0.1713061316408963,-0.8077864701954871
6.026199999999893,0.9670539969689584,-0.15353372245975347,-0.820194200178766
6.0262999999998925,0.9508996642368004,-0.10778495673299109,-0.8247308725797067
6.026399999999892,0.9451214391142125,-0.08902456558252404,-0.8486834455341312
6.026499999999892,0.9358382014969947,-0.051484015499462,-0.8822230393734174
6.026599999999892,0.9214955873139916,-0.026846135387744954,-0.8926216277791604
6.026699999999892,0.9225852999694437,0.01794388534659057,-0.9114501845096965
6.026799999999891,0.8981304571800183,0.058268632459559794,-0.9255199228126144
6.026899999999891,0.8627740397416007,0.07831742317334321,-0.9488879877807309
6.026999999999891,0.8534855797129024,0.1094158687839187,-0.95870122575329
6.027099999999891,0.8267825703800433,0.1339608485698751,-0.9845720997848517
6.02719999999989,0.8062626613000224,0.17277150985444975,-0.9835664342722522
6.02729999999989,0.7877442766512125,0.19344290160463712,-0.9929116167912172
6.02739999999989,0.768227120574059,0.23032208250791134,-1.009148134878436
6.02749999999989,0.7369196252764861,0.27074585856724,-1.029970951842852
6.0275999999998895,0.7239079618120986,0.31065818063715894,-1.01772690480718
6.027699999999889,0.6814784297326215,0.353617438542622,-1.0301320561171416
6.027799999999889,0.6653774429581008,0.35733951016781723,-1.0450724185046782
6.027899999999889,0.6603515483188767,0.4042329795200129,-1.0465122839232561
6.027999999999889,0.6151549268123553,0.4252192689736694,-1.0600575714205913
6.028099999999888,0.5982102947195334,0.45233970502522647,-1.0588264502137306
6.028199999999888,0.5604344216741299,0.4870057179465282,-1.0562973368834803
6.028299999999888,0.5368913698201273,0.5136959396208252,-1.0423633948473918
6.028399999999888,0.503914594072469,0.5433390274032679,-1.0563582429881229
6.028499999999887,0.47470102624914623,0.5679785835708238,-1.0440650400807558
6.028599999999887,0.44108355908030183,0.588315530836777,-1.050372869760859
6.028699999999887,0.4215636604955806,0.6148030814869331,-1.0399418589746834
6.028799999999887,0.381645497535673,0.6593581430246767,-1.0379400989382086
6.0288999999998865,0.36364474564381144,0.6781622188213696,-1.0237756881130335
6.028999999999886,0.33638620814182607,0.7010544934285449,-1.0280974035071164
6.029099999999886,0.2995439311374955,0.7304893960528828,-1.0286002014117461
6.029199999999886,0.2627635406938311,0.7604849206141097,-1.0184471383958273
6.0292999999998855,0.23668015437913562,0.7783428792358533,-1.0022093386633935
6.029399999999885,0.19815532855252,0.7934707015612483,-0.9977133358824145
6.029499999999885,0.17530459143056917,0.8293776292483582,-0.9734137256129501
6.029599999999885,0.12003069957818287,0.8520719508980388,-0.9686004015297055
6.029699999999885,0.09858049829274074,0.8622922669509264,-0.933249433899583
6.029799999999884,0.051706666749972,0.8840597279824327,-0.9526959478621924
6.029899999999884,0.021893383394933484,0.9031955805571655,-0.9228669862899682
6.029999999999884,0.01091089787776176,0.9183674684867806,-0.91835029817975
6.030099999999884,-0.02669239010257111,0.9294088451024289,-0.8972071113439939
6.030199999999883,-0.07338900449909484,0.9435810074455636,-0.8751390641453998
6.030299999999883,-0.11328538480829342,0.9564035708563678,-0.8769387847499964
6.030399999999883,-0.15839817887748583,0.9560955547861556,-0.8375438579847844
6.030499999999883,-0.17216817841387408,0.9823012069668045,-0.8043440259521437
6.0305999999998825,-0.1812613928233148,0.9768743443233494,-0.8023466474907621
6.030699999999882,-0.2295693554982926,0.9915975230480564,-0.7748215048888744
6.030799999999882,-0.2695301087770195,1.0178200666664408,-0.7459260890996503
6.030899999999882,-0.2928910381310079,1.0227417366942282,-0.7317329790953035
6.030999999999882,-0.3401915788587216,1.0357180991017552,-0.7104708861920593
6.031099999999881,-0.36069865058450346,1.0285867458292006,-0.6985817108317544
6.031199999999881,-0.3876619751957659,1.027590944177872,-0.6490042582649787
6.031299999999881,-0.41881005477031313,1.0400019418741713,-0.6280574304482872
6.031399999999881,-0.4409929692132518,1.0468825905074255,-0.6076018789912873
6.03149999999988,-0.47330712502227723,1.0498186590800656,-0.5702324752575519
6.03159999999988,-0.49902225141746065,1.0603116596875621,-0.5471253045203173
6.03169999999988,-0.5377521312510377,1.0493005979447043,-0.5174280168688179
6.03179999999988,-0.5525197369181226,1.0548111218888523,-0.4786946331532082
6.0318999999998795,-0.5737130830233169,1.0427141520006011,-0.4642567455598693
6.031999999999879,-0.6211314849671636,1.0516547544300678,-0.41489072691255074
6.032099999999879,-0.6466717236914317,1.0442923487602496,-0.4039320676429858
6.032199999999879,-0.6546404557093,1.0332657910298402,-0.3673338021868386
6.0322999999998785,-0.6921446873771079,1.031161621539537,-0.3157601821722323
6.032399999999878,-0.7041665783566943,1.0241617537564798,-0.2910872370343951
6.032499999999878,-0.7431739787870182,1.01488930370478,-0.2681507383310132
6.032599999999878,-0.7516333869738598,1.0214995095393284,-0.2451493481985857
6.032699999999878,-0.7852097848688052,0.995724214186518,-0.2104194342092435
6.032799999999877,-0.8064717413668474,0.9826962530345433,-0.17401964863975153
6.032899999999877,-0.8175214520484381,0.9550080731527806,-0.14257759848962068
6.032999999999877,-0.8535980758658176,0.9508330037489959,-0.11171792188485768
6.033099999999877,-0.8779997453948661,0.9411939569323419,-0.07918293279928998
6.033199999999876,-0.8928710238424034,0.9222887483793764,-0.048422625756904085
6.033299999999876,-0.9034687790246755,0.9225198401468356,-0.025839525544451833
6.033399999999876,-0.9363671925469266,0.8930938650434588,0.014138348956232321
6.033499999999876,-0.9344078365201675,0.886960896997408,0.05831899308389326
6.0335999999998755,-0.9583706825265517,0.8587081997724987,0.07292295416387146
6.033699999999875,-0.9583010304089818,0.8394149969236093,0.11532638914136678
6.033799999999875,-0.998924619327399,0.8186625319153777,0.1433239217989395
6.033899999999875,-0.9972177778680311,0.7990157558268001,0.18382933645091562
6.033999999999875,-1.0144522283170645,0.791701285793331,0.21284706885964488
6.034099999999874,-1.0165067972436974,0.73770276215445,0.26069068817356505
6.034199999999874,-1.0157805172253036,0.7178846163538036,0.28566895158018923
6.034299999999874,-1.0260207699950152,0.7065000445842099,0.3036240495382442
6.034399999999874,-1.0324338742613208,0.6872026168242871,0.3516745626767185
6.034499999999873,-1.0365302745914446,0.668123208030897,0.3719050941315283
6.034599999999873,-1.0375436344918723,0.6411634641812062,0.40482509072333694
6.034699999999873,-1.050247731116025,0.6083318837397821,0.44276600404507077
6.034799999999873,-1.0386539595104725,0.5928327844958403,0.46655226695819924
6.0348999999998725,-1.0402768935721052,0.5654488155800269,0.5072248166536194
6.034999999999872,-1.0429196964987513,0.5304724626866995,0.5228039194714907
6.035099999999872,-1.0411259537953306,0.5077832307776394,0.5522556798629971
6.035199999999872,-1.0419374126355232,0.4726674084998863,0.5794294677323399
6.0352999999998715,-1.0258988563651703,0.43576358774790497,0.6068807409887299
6.035399999999871,-1.0398674937940633,0.4150235964857313,0.646172298976035
6.035499999999871,-1.0377134613782388,0.37898721404288754,0.6676327429182385
6.035599999999871,-1.0364350743661914,0.34631545743955583,0.7007659453393196
6.035699999999871,-1.0328450583721493,0.3259021035245971,0.7289865648041262
6.03579999999987,-1.0277176187537043,0.2620093094016775,0.7256512459959096
6.03589999999987,-1.0170073400400512,0.2375300655763475,0.7568230009308677
6.03599999999987,-1.0015259261846008,0.20645957098138543,0.7685413231812663
6.03609999999987,-0.9882508906662505,0.18003244791955164,0.7927645383389785
6.0361999999998694,-0.9793614004496883,0.14784508795537554,0.8143322433638144
6.036299999999869,-0.9736078139471013,0.1047842281357808,0.8306599351895526
6.036399999999869,-0.9468590355091634,0.07598836436985167,0.84979946446899
6.036499999999869,-0.9335923024015528,0.04411526730755297,0.8754990679284825
6.0365999999998685,-0.9251183064702605,0.03792982771348612,0.8846796198550809
6.036699999999868,-0.9123107798312767,0.00011024000558055875,0.9182031950303033
6.036799999999868,-0.8848950868583095,-0.050001620138252,0.9204335414487858
6.036899999999868,-0.868966979976852,-0.0818449389270266,0.9657750960501718
6.036999999999868,-0.862288930173234,-0.12018458634375777,0.9543755869207137
6.037099999999867,-0.8305830383235382,-0.15814282757295953,0.9723638219149279
6.037199999999867,-0.8064412855127563,-0.17554089256691754,0.9742846924086359
6.037299999999867,-0.7934592297529621,-0.21416807154116824,1.010160516241021
6.037399999999867,-0.7617550045008824,-0.23830391064779566,1.0162847850213608
6.037499999999866,-0.7512722730352577,-0.28173321698335163,1.0194258716819085
6.037599999999866,-0.7047076607559027,-0.30620187071438293,1.0148607393178688
6.037699999999866,-0.6806303356671849,-0.32995473488306953,1.0347335914412743
6.037799999999866,-0.6673468691396389,-0.3591025140588551,1.0302928493536114
6.0378999999998655,-0.6366625238095183,-0.38941080258969996,1.0559663224553029
6.037999999999865,-0.6326496646039739,-0.4338331609965493,1.0545257740524143
6.038099999999865,-0.5959953599551269,-0.44671220035101067,1.0513866814989465
6.038199999999865,-0.562052491616384,-0.48994665589850944,1.0325038408064573
6.0382999999998646,-0.5408222172354253,-0.5081377444275904,1.0443234335164462
6.038399999999864,-0.4986536877731801,-0.5425409710044748,1.0567443049141794
6.038499999999864,-0.46008591465919296,-0.5822563488593373,1.0588898188897844
6.038599999999864,-0.4567323360163692,-0.6020299897452355,1.054939698630755
6.038699999999864,-0.4248209568635394,-0.6242291731641676,1.0291893354446535
6.038799999999863,-0.38657420810972765,-0.6492284609083636,1.0392213533768733
6.038899999999863,-0.34543113457246133,-0.6815037227155187,1.0388842626471717
6.038999999999863,-0.33748290661384955,-0.6935689734950927,1.010552228278444
6.039099999999863,-0.2946193909085239,-0.7223612648655164,1.015956739290674
6.0391999999998625,-0.2504831397632603,-0.7561786955165081,1.0095822853335135
6.039299999999862,-0.24626250293769006,-0.7708989931892934,0.9955482020353944
6.039399999999862,-0.21087326665934275,-0.7832487931678451,0.972903561276284
6.039499999999862,-0.17120906728630106,-0.8038834087921038,0.9740898368604898
6.0395999999998615,-0.13884665556258494,-0.8492624659161964,0.962255812771683
6.039699999999861,-0.09476454694356186,-0.8657480785932646,0.951061707066482
6.039799999999861,-0.06569988496034153,-0.8643910695936984,0.9342864597009606
6.039899999999861,-0.04805356652185167,-0.9017261489854583,0.92095195449719
