alpha,Rx,orc_satisfied
0.050000,100.0000,1
0.050000,108.3111,1
0.050000,117.3129,1
0.050000,127.0628,1
0.050000,137.6231,1
0.050000,149.0611,1
0.050000,161.4497,1
0.050000,174.8679,1
0.050000,189.4013,1
0.050000,205.1425,1
0.050000,222.1921,1
0.050000,240.6586,1
0.050000,260.6599,1
0.050000,282.3236,1
0.050000,305.7877,1
0.050000,331.2019,1
0.050000,358.7284,1
0.050000,388.5425,1
0.050000,420.8346,1
0.050000,455.8105,1
0.050000,493.6932,1
0.050000,534.7244,1
0.050000,579.1657,1
0.050000,627.3006,1
0.050000,679.4360,1
0.050000,735.9045,1
0.050000,797.0660,1
0.050000,863.3107,1
0.050000,935.0611,1
0.050000,1012.7747,1
0.050000,1096.9472,1
0.050000,1188.1153,1
0.050000,1286.8604,1
0.050000,1393.8123,1
0.050000,1509.6530,1
0.050000,1635.1214,1
0.050000,1771.0175,1
0.050000,1918.2081,1
0.050000,2077.6318,1
0.050000,2250.3052,1
0.050000,2437.3297,1
0.050000,2639.8980,1
0.050000,2859.3018,1
0.050000,3096.9405,1
0.050000,3354.3295,1
0.050000,3633.1102,1
0.050000,3935.0607,1
0.050000,4262.1064,1
0.050000,4616.3332,1
0.050000,5000.0000,1
0.068367,100.0000,1
0.068367,108.3111,1
0.068367,117.3129,1
0.068367,127.0628,1
0.068367,137.6231,1
0.068367,149.0611,1
0.068367,161.4497,1
0.068367,174.8679,1
0.068367,189.4013,1
0.068367,205.1425,1
0.068367,222.1921,1
0.068367,240.6586,1
0.068367,260.6599,1
0.068367,282.3236,1
0.068367,305.7877,1
0.068367,331.2019,1
0.068367,358.7284,1
0.068367,388.5425,1
0.068367,420.8346,1
0.068367,455.8105,1
0.068367,493.6932,1
0.068367,534.7244,1
0.068367,579.1657,1
0.068367,627.3006,1
0.068367,679.4360,1
0.068367,735.9045,1
0.068367,797.0660,1
0.068367,863.3107,1
0.068367,935.0611,1
0.068367,1012.7747,1
0.068367,1096.9472,1
0.068367,1188.1153,1
0.068367,1286.8604,1
0.068367,1393.8123,1
0.068367,1509.6530,1
0.068367,1635.1214,1
0.068367,1771.0175,1
0.068367,1918.2081,1
0.068367,2077.6318,1
0.068367,2250.3052,1
0.068367,2437.3297,1
0.068367,2639.8980,1
0.068367,2859.3018,1
0.068367,3096.9405,1
0.068367,3354.3295,1
0.068367,3633.1102,1
0.068367,3935.0607,1
0.068367,4262.1064,1
0.068367,4616.3332,1
0.068367,5000.0000,1
0.086735,100.0000,1
0.086735,108.3111,1
0.086735,117.3129,1
0.086735,127.0628,1
0.086735,137.6231,1
0.086735,149.0611,1
0.086735,161.4497,1
0.086735,174.8679,1
0.086735,189.4013,1
0.086735,205.1425,1
0.086735,222.1921,1
0.086735,240.6586,1
0.086735,260.6599,1
0.086735,282.3236,1
0.086735,305.7877,1
0.086735,331.2019,1
0.086735,358.7284,1
0.086735,388.5425,1
0.086735,420.8346,1
0.086735,455.8105,1
0.086735,493.6932,1
0.086735,534.7244,1
0.086735,579.1657,1
0.086735,627.3006,1
0.086735,679.4360,1
0.086735,735.9045,1
0.086735,797.0660,1
0.086735,863.3107,1
0.086735,935.0611,1
0.086735,1012.7747,1
0.086735,1096.9472,1
0.086735,1188.1153,1
0.086735,1286.8604,1
0.086735,1393.8123,1
0.086735,1509.6530,1
0.086735,1635.1214,1
0.086735,1771.0175,1
0.086735,1918.2081,1
0.086735,2077.6318,1
0.086735,2250.3052,1
0.086735,2437.3297,1
0.086735,2639.8980,1
0.086735,2859.3018,1
0.086735,3096.9405,1
0.086735,3354.3295,1
0.086735,3633.1102,1
0.086735,3935.0607,1
0.086735,4262.1064,1
0.086735,4616.3332,1
0.086735,5000.0000,1
0.105102,100.0000,1
0.105102,108.3111,1
0.105102,117.3129,1
0.105102,127.0628,1
0.105102,137.6231,1
0.105102,149.0611,1
0.105102,161.4497,1
0.105102,174.8679,1
0.105102,189.4013,1
0.105102,205.1425,1
0.105102,222.1921,1
0.105102,240.6586,1
0.105102,260.6599,1
0.105102,282.3236,1
0.105102,305.7877,1
0.105102,331.2019,1
0.105102,358.7284,1
0.105102,388.5425,1
0.105102,420.8346,1
0.105102,455.8105,1
0.105102,493.6932,1
0.105102,534.7244,1
0.105102,579.1657,1
0.105102,627.3006,1
0.105102,679.4360,1
0.105102,735.9045,1
0.105102,797.0660,1
0.105102,863.3107,1
0.105102,935.0611,1
0.105102,1012.7747,1
0.105102,1096.9472,1
0.105102,1188.1153,1
0.105102,1286.8604,1
0.105102,1393.8123,1
0.105102,1509.6530,1
0.105102,1635.1214,1
0.105102,1771.0175,1
0.105102,1918.2081,1
0.105102,2077.6318,1
0.105102,2250.3052,1
0.105102,2437.3297,1
0.105102,2639.8980,1
0.105102,2859.3018,1
0.105102,3096.9405,1
0.105102,3354.3295,1
0.105102,3633.1102,1
0.105102,3935.0607,1
0.105102,4262.1064,1
0.105102,4616.3332,1
0.105102,5000.0000,1
0.123469,100.0000,1
0.123469,108.3111,1
0.123469,117.3129,1
0.123469,127.0628,1
0.123469,137.6231,1
0.123469,149.0611,1
0.123469,161.4497,1
0.123469,174.8679,1
0.123469,189.4013,1
0.123469,205.1425,1
0.123469,222.1921,1
0.123469,240.6586,1
0.123469,260.6599,1
0.123469,282.3236,1
0.123469,305.7877,1
0.123469,331.2019,1
0.123469,358.7284,1
0.123469,388.5425,1
0.123469,420.8346,1
0.123469,455.8105,1
0.123469,493.6932,1
0.123469,534.7244,1
0.123469,579.1657,1
0.123469,627.3006,1
0.123469,679.4360,1
0.123469,735.9045,1
0.123469,797.0660,1
0.123469,863.3107,1
0.123469,935.0611,1
0.123469,1012.7747,1
0.123469,1096.9472,1
0.123469,1188.1153,1
0.123469,1286.8604,1
0.123469,1393.8123,1
0.123469,1509.6530,1
0.123469,1635.1214,1
0.123469,1771.0175,1
0.123469,1918.2081,1
0.123469,2077.6318,1
0.123469,2250.3052,1
0.123469,2437.3297,1
0.123469,2639.8980,1
0.123469,2859.3018,1
0.123469,3096.9405,1
0.123469,3354.3295,1
0.123469,3633.1102,1
0.123469,3935.0607,1
0.123469,4262.1064,1
0.123469,4616.3332,1
0.123469,5000.0000,1
0.141837,100.0000,1
0.141837,108.3111,1
0.141837,117.3129,1
0.141837,127.0628,1
0.141837,137.6231,1
0.141837,149.0611,1
0.141837,161.4497,1
0.141837,174.8679,1
0.141837,189.4013,1
0.141837,205.1425,1
0.141837,222.1921,1
0.141837,240.6586,1
0.141837,260.6599,1
0.141837,282.3236,1
0.141837,305.7877,1
0.141837,331.2019,1
0.141837,358.7284,1
0.141837,388.5425,1
0.141837,420.8346,1
0.141837,455.8105,1
0.141837,493.6932,1
0.141837,534.7244,1
0.141837,579.1657,1
0.141837,627.3006,1
0.141837,679.4360,1
0.141837,735.9045,1
0.141837,797.0660,1
0.141837,863.3107,1
0.141837,935.0611,1
0.141837,1012.7747,1
0.141837,1096.9472,1
0.141837,1188.1153,1
0.141837,1286.8604,1
0.141837,1393.8123,1
0.141837,1509.6530,1
0.141837,1635.1214,1
0.141837,1771.0175,1
0.141837,1918.2081,1
0.141837,2077.6318,1
0.141837,2250.3052,1
0.141837,2437.3297,1
0.141837,2639.8980,1
0.141837,2859.3018,1
0.141837,3096.9405,1
0.141837,3354.3295,1
0.141837,3633.1102,1
0.141837,3935.0607,1
0.141837,4262.1064,1
0.141837,4616.3332,1
0.141837,5000.0000,1
0.160204,100.0000,1
0.160204,108.3111,1
0.160204,117.3129,1
0.160204,127.0628,1
0.160204,137.6231,1
0.160204,149.0611,1
0.160204,161.4497,1
0.160204,174.8679,1
0.160204,189.4013,1
0.160204,205.1425,1
0.160204,222.1921,1
0.160204,240.6586,1
0.160204,260.6599,1
0.160204,282.3236,1
0.160204,305.7877,1
0.160204,331.2019,1
0.160204,358.7284,1
0.160204,388.5425,1
0.160204,420.8346,1
0.160204,455.8105,1
0.160204,493.6932,1
0.160204,534.7244,1
0.160204,579.1657,1
0.160204,627.3006,1
0.160204,679.4360,1
0.160204,735.9045,1
0.160204,797.0660,1
0.160204,863.3107,1
0.160204,935.0611,1
0.160204,1012.7747,1
0.160204,1096.9472,1
0.160204,1188.1153,1
0.160204,1286.8604,1
0.160204,1393.8123,1
0.160204,1509.6530,1
0.160204,1635.1214,1
0.160204,1771.0175,1
0.160204,1918.2081,1
0.160204,2077.6318,1
0.160204,2250.3052,1
0.160204,2437.3297,1
0.160204,2639.8980,1
0.160204,2859.3018,1
0.160204,3096.9405,1
0.160204,3354.3295,1
0.160204,3633.1102,1
0.160204,3935.0607,1
0.160204,4262.1064,1
0.160204,4616.3332,1
0.160204,5000.0000,1
0.178571,100.0000,1
0.178571,108.3111,1
0.178571,117.3129,1
0.178571,127.0628,1
0.178571,137.6231,1
0.178571,149.0611,1
0.178571,161.4497,1
0.178571,174.8679,1
0.178571,189.4013,1
0.178571,205.1425,1
0.178571,222.1921,1
0.178571,240.6586,1
0.178571,260.6599,1
0.178571,282.3236,1
0.178571,305.7877,1
0.178571,331.2019,1
0.178571,358.7284,1
0.178571,388.5425,1
0.178571,420.8346,1
0.178571,455.8105,1
0.178571,493.6932,1
0.178571,534.7244,1
0.178571,579.1657,1
0.178571,627.3006,1
0.178571,679.4360,1
0.178571,735.9045,1
0.178571,797.0660,1
0.178571,863.3107,1
0.178571,935.0611,1
0.178571,1012.7747,1
0.178571,1096.9472,1
0.178571,1188.1153,1
0.178571,1286.8604,1
0.178571,1393.8123,1
0.178571,1509.6530,1
0.178571,1635.1214,1
0.178571,1771.0175,1
0.178571,1918.2081,1
0.178571,2077.6318,1
0.178571,2250.3052,1
0.178571,2437.3297,1
0.178571,2639.8980,1
0.178571,2859.3018,1
0.178571,3096.9405,1
0.178571,3354.3295,1
0.178571,3633.1102,1
0.178571,3935.0607,1
0.178571,4262.1064,1
0.178571,4616.3332,1
0.178571,5000.0000,1
0.196939,100.0000,1
0.196939,108.3111,1
0.196939,117.3129,1
0.196939,127.0628,1
0.196939,137.6231,1
0.196939,149.0611,1
0.196939,161.4497,1
0.196939,174.8679,1
0.196939,189.4013,1
0.196939,205.1425,1
0.196939,222.1921,1
0.196939,240.6586,1
0.196939,260.6599,1
0.196939,282.3236,1
0.196939,305.7877,1
0.196939,331.2019,1
0.196939,358.7284,1
0.196939,388.5425,1
0.196939,420.8346,1
0.196939,455.8105,1
0.196939,493.6932,1
0.196939,534.7244,1
0.196939,579.1657,1
0.196939,627.3006,1
0.196939,679.4360,1
0.196939,735.9045,1
0.196939,797.0660,1
0.196939,863.3107,1
0.196939,935.0611,1
0.196939,1012.7747,1
0.196939,1096.9472,1
0.196939,1188.1153,1
0.196939,1286.8604,1
0.196939,1393.8123,1
0.196939,1509.6530,1
0.196939,1635.1214,1
0.196939,1771.0175,1
0.196939,1918.2081,1
0.196939,2077.6318,1
0.196939,2250.3052,1
0.196939,2437.3297,1
0.196939,2639.8980,1
0.196939,2859.3018,1
0.196939,3096.9405,1
0.196939,3354.3295,1
0.196939,3633.1102,1
0.196939,3935.0607,1
0.196939,4262.1064,1
0.196939,4616.3332,1
0.196939,5000.0000,1
0.215306,100.0000,1
0.215306,108.3111,1
0.215306,117.3129,1
0.215306,127.0628,1
0.215306,137.6231,1
0.215306,149.0611,1
0.215306,161.4497,1
0.215306,174.8679,1
0.215306,189.4013,1
0.215306,205.1425,1
0.215306,222.1921,1
0.215306,240.6586,1
0.215306,260.6599,1
0.215306,282.3236,1
0.215306,305.7877,1
0.215306,331.2019,1
0.215306,358.7284,1
0.215306,388.5425,1
0.215306,420.8346,1
0.215306,455.8105,1
0.215306,493.6932,1
0.215306,534.7244,1
0.215306,579.1657,1
0.215306,627.3006,1
0.215306,679.4360,1
0.215306,735.9045,1
0.215306,797.0660,1
0.215306,863.3107,1
0.215306,935.0611,1
0.215306,1012.7747,1
0.215306,1096.9472,1
0.215306,1188.1153,1
0.215306,1286.8604,1
0.215306,1393.8123,1
0.215306,1509.6530,1
0.215306,1635.1214,1
0.215306,1771.0175,1
0.215306,1918.2081,1
0.215306,2077.6318,1
0.215306,2250.3052,1
0.215306,2437.3297,1
0.215306,2639.8980,1
0.215306,2859.3018,1
0.215306,3096.9405,1
0.215306,3354.3295,1
0.215306,3633.1102,1
0.215306,3935.0607,1
0.215306,4262.1064,1
0.215306,4616.3332,1
0.215306,5000.0000,1
0.233673,100.0000,1
0.233673,108.3111,1
0.233673,117.3129,1
0.233673,127.0628,1
0.233673,137.6231,1
0.233673,149.0611,1
0.233673,161.4497,1
0.233673,174.8679,1
0.233673,189.4013,1
0.233673,205.1425,1
0.233673,222.1921,1
0.233673,240.6586,1
0.233673,260.6599,1
0.233673,282.3236,1
0.233673,305.7877,1
0.233673,331.2019,1
0.233673,358.7284,1
0.233673,388.5425,1
0.233673,420.8346,1
0.233673,455.8105,1
0.233673,493.6932,1
0.233673,534.7244,1
0.233673,579.1657,1
0.233673,627.3006,1
0.233673,679.4360,1
0.233673,735.9045,1
0.233673,797.0660,1
0.233673,863.3107,1
0.233673,935.0611,1
0.233673,1012.7747,1
0.233673,1096.9472,1
0.233673,1188.1153,1
0.233673,1286.8604,1
0.233673,1393.8123,1
0.233673,1509.6530,1
0.233673,1635.1214,1
0.233673,1771.0175,1
0.233673,1918.2081,1
0.233673,2077.6318,1
0.233673,2250.3052,1
0.233673,2437.3297,1
0.233673,2639.8980,1
0.233673,2859.3018,1
0.233673,3096.9405,1
0.233673,3354.3295,1
0.233673,3633.1102,1
0.233673,3935.0607,1
0.233673,4262.1064,1
0.233673,4616.3332,1
0.233673,5000.0000,1
0.252041,100.0000,1
0.252041,108.3111,1
0.252041,117.3129,1
0.252041,127.0628,1
0.252041,137.6231,1
0.252041,149.0611,1
0.252041,161.4497,1
0.252041,174.8679,1
0.252041,189.4013,1
0.252041,205.1425,1
0.252041,222.1921,1
0.252041,240.6586,1
0.252041,260.6599,1
0.252041,282.3236,1
0.252041,305.7877,1
0.252041,331.2019,1
0.252041,358.7284,1
0.252041,388.5425,1
0.252041,420.8346,1
0.252041,455.8105,1
0.252041,493.6932,1
0.252041,534.7244,1
0.252041,579.1657,1
0.252041,627.3006,1
0.252041,679.4360,1
0.252041,735.9045,1
0.252041,797.0660,1
0.252041,863.3107,1
0.252041,935.0611,1
0.252041,1012.7747,1
0.252041,1096.9472,1
0.252041,1188.1153,1
0.252041,1286.8604,1
0.252041,1393.8123,1
0.252041,1509.6530,1
0.252041,1635.1214,1
0.252041,1771.0175,1
0.252041,1918.2081,1
0.252041,2077.6318,1
0.252041,2250.3052,1
0.252041,2437.3297,1
0.252041,2639.8980,1
0.252041,2859.3018,1
0.252041,3096.9405,1
0.252041,3354.3295,1
0.252041,3633.1102,1
0.252041,3935.0607,1
0.252041,4262.1064,1
0.252041,4616.3332,1
0.252041,5000.0000,1
0.270408,100.0000,1
0.270408,108.3111,1
0.270408,117.3129,1
0.270408,127.0628,1
0.270408,137.6231,1
0.270408,149.0611,1
0.270408,161.4497,1
0.270408,174.8679,1
0.270408,189.4013,1
0.270408,205.1425,1
0.270408,222.1921,1
0.270408,240.6586,1
0.270408,260.6599,1
0.270408,282.3236,1
0.270408,305.7877,1
0.270408,331.2019,1
0.270408,358.7284,1
0.270408,388.5425,1
0.270408,420.8346,1
0.270408,455.8105,1
0.270408,493.6932,1
0.270408,534.7244,1
0.270408,579.1657,1
0.270408,627.3006,1
0.270408,679.4360,1
0.270408,735.9045,1
0.270408,797.0660,1
0.270408,863.3107,1
0.270408,935.0611,1
0.270408,1012.7747,1
0.270408,1096.9472,1
0.270408,1188.1153,1
0.270408,1286.8604,1
0.270408,1393.8123,1
0.270408,1509.6530,1
0.270408,1635.1214,1
0.270408,1771.0175,1
0.270408,1918.2081,1
0.270408,2077.6318,1
0.270408,2250.3052,1
0.270408,2437.3297,1
0.270408,2639.8980,1
0.270408,2859.3018,1
0.270408,3096.9405,1
0.270408,3354.3295,1
0.270408,3633.1102,1
0.270408,3935.0607,1
0.270408,4262.1064,1
0.270408,4616.3332,1
0.270408,5000.0000,1
0.288776,100.0000,1
0.288776,108.3111,1
0.288776,117.3129,1
0.288776,127.0628,1
0.288776,137.6231,1
0.288776,149.0611,1
0.288776,161.4497,1
0.288776,174.8679,1
0.288776,189.4013,1
0.288776,205.1425,1
0.288776,222.1921,1
0.288776,240.6586,1
0.288776,260.6599,1
0.288776,282.3236,1
0.288776,305.7877,1
0.288776,331.2019,1
0.288776,358.7284,1
0.288776,388.5425,1
0.288776,420.8346,1
0.288776,455.8105,1
0.288776,493.6932,1
0.288776,534.7244,1
0.288776,579.1657,1
0.288776,627.3006,1
0.288776,679.4360,1
0.288776,735.9045,1
0.288776,797.0660,1
0.288776,863.3107,1
0.288776,935.0611,1
0.288776,1012.7747,1
0.288776,1096.9472,1
0.288776,1188.1153,1
0.288776,1286.8604,1
0.288776,1393.8123,1
0.288776,1509.6530,1
0.288776,1635.1214,1
0.288776,1771.0175,1
0.288776,1918.2081,1
0.288776,2077.6318,1
0.288776,2250.3052,1
0.288776,2437.3297,1
0.288776,2639.8980,1
0.288776,2859.3018,1
0.288776,3096.9405,1
0.288776,3354.3295,1
0.288776,3633.1102,1
0.288776,3935.0607,1
0.288776,4262.1064,1
0.288776,4616.3332,1
0.288776,5000.0000,1
0.307143,100.0000,1
0.307143,108.3111,1
0.307143,117.3129,1
0.307143,127.0628,1
0.307143,137.6231,1
0.307143,149.0611,1
0.307143,161.4497,1
0.307143,174.8679,1
0.307143,189.4013,1
0.307143,205.1425,1
0.307143,222.1921,1
0.307143,240.6586,1
0.307143,260.6599,1
0.307143,282.3236,1
0.307143,305.7877,1
0.307143,331.2019,1
0.307143,358.7284,1
0.307143,388.5425,1
0.307143,420.8346,1
0.307143,455.8105,1
0.307143,493.6932,1
0.307143,534.7244,1
0.307143,579.1657,1
0.307143,627.3006,1
0.307143,679.4360,1
0.307143,735.9045,1
0.307143,797.0660,1
0.307143,863.3107,1
0.307143,935.0611,1
0.307143,1012.7747,1
0.307143,1096.9472,1
0.307143,1188.1153,1
0.307143,1286.8604,1
0.307143,1393.8123,1
0.307143,1509.6530,1
0.307143,1635.1214,1
0.307143,1771.0175,1
0.307143,1918.2081,1
0.307143,2077.6318,1
0.307143,2250.3052,1
0.307143,2437.3297,1
0.307143,2639.8980,1
0.307143,2859.3018,1
0.307143,3096.9405,1
0.307143,3354.3295,1
0.307143,3633.1102,1
0.307143,3935.0607,1
0.307143,4262.1064,1
0.307143,4616.3332,1
0.307143,5000.0000,1
0.325510,100.0000,1
0.325510,108.3111,1
0.325510,117.3129,1
0.325510,127.0628,1
0.325510,137.6231,1
0.325510,149.0611,1
0.325510,161.4497,1
0.325510,174.8679,1
0.325510,189.4013,1
0.325510,205.1425,1
0.325510,222.1921,1
0.325510,240.6586,1
0.325510,260.6599,1
0.325510,282.3236,1
0.325510,305.7877,1
0.325510,331.2019,1
0.325510,358.7284,1
0.325510,388.5425,1
0.325510,420.8346,1
0.325510,455.8105,1
0.325510,493.6932,1
0.325510,534.7244,1
0.325510,579.1657,1
0.325510,627.3006,1
0.325510,679.4360,1
0.325510,735.9045,1
0.325510,797.0660,1
0.325510,863.3107,1
0.325510,935.0611,1
0.325510,1012.7747,1
0.325510,1096.9472,1
0.325510,1188.1153,1
0.325510,1286.8604,1
0.325510,1393.8123,1
0.325510,1509.6530,1
0.325510,1635.1214,1
0.325510,1771.0175,1
0.325510,1918.2081,1
0.325510,2077.6318,1
0.325510,2250.3052,1
0.325510,2437.3297,1
0.325510,2639.8980,1
0.325510,2859.3018,1
0.325510,3096.9405,1
0.325510,3354.3295,1
0.325510,3633.1102,1
0.325510,3935.0607,1
0.325510,4262.1064,1
0.325510,4616.3332,1
0.325510,5000.0000,1
0.343878,100.0000,1
0.343878,108.3111,1
0.343878,117.3129,1
0.343878,127.0628,1
0.343878,137.6231,1
0.343878,149.0611,1
0.343878,161.4497,1
0.343878,174.8679,1
0.343878,189.4013,1
0.343878,205.1425,1
0.343878,222.1921,1
0.343878,240.6586,1
0.343878,260.6599,1
0.343878,282.3236,1
0.343878,305.7877,1
0.343878,331.2019,1
0.343878,358.7284,1
0.343878,388.5425,1
0.343878,420.8346,1
0.343878,455.8105,1
0.343878,493.6932,1
0.343878,534.7244,1
0.343878,579.1657,1
0.343878,627.3006,1
0.343878,679.4360,1
0.343878,735.9045,1
0.343878,797.0660,1
0.343878,863.3107,1
0.343878,935.0611,1
0.343878,1012.7747,1
0.343878,1096.9472,1
0.343878,1188.1153,1
0.343878,1286.8604,1
0.343878,1393.8123,1
0.343878,1509.6530,1
0.343878,1635.1214,1
0.343878,1771.0175,1
0.343878,1918.2081,1
0.343878,2077.6318,1
0.343878,2250.3052,1
0.343878,2437.3297,1
0.343878,2639.8980,1
0.343878,2859.3018,1
0.343878,3096.9405,1
0.343878,3354.3295,1
0.343878,3633.1102,1
0.343878,3935.0607,1
0.343878,4262.1064,1
0.343878,4616.3332,1
0.343878,5000.0000,1
0.362245,100.0000,1
0.362245,108.3111,1
0.362245,117.3129,1
0.362245,127.0628,1
0.362245,137.6231,1
0.362245,149.0611,1
0.362245,161.4497,1
0.362245,174.8679,1
0.362245,189.4013,1
0.362245,205.1425,1
0.362245,222.1921,1
0.362245,240.6586,1
0.362245,260.6599,1
0.362245,282.3236,1
0.362245,305.7877,1
0.362245,331.2019,1
0.362245,358.7284,1
0.362245,388.5425,1
0.362245,420.8346,1
0.362245,455.8105,1
0.362245,493.6932,1
0.362245,534.7244,1
0.362245,579.1657,1
0.362245,627.3006,1
0.362245,679.4360,1
0.362245,735.9045,1
0.362245,797.0660,1
0.362245,863.3107,1
0.362245,935.0611,1
0.362245,1012.7747,1
0.362245,1096.9472,1
0.362245,1188.1153,1
0.362245,1286.8604,1
0.362245,1393.8123,1
0.362245,1509.6530,1
0.362245,1635.1214,1
0.362245,1771.0175,1
0.362245,1918.2081,1
0.362245,2077.6318,1
0.362245,2250.3052,1
0.362245,2437.3297,1
0.362245,2639.8980,1
0.362245,2859.3018,1
0.362245,3096.9405,1
0.362245,3354.3295,1
0.362245,3633.1102,1
0.362245,3935.0607,1
0.362245,4262.1064,1
0.362245,4616.3332,1
0.362245,5000.0000,1
0.380612,100.0000,1
0.380612,108.3111,1
0.380612,117.3129,1
0.380612,127.0628,1
0.380612,137.6231,1
0.380612,149.0611,1
0.380612,161.4497,1
0.380612,174.8679,1
0.380612,189.4013,1
0.380612,205.1425,1
0.380612,222.1921,1
0.380612,240.6586,1
0.380612,260.6599,1
0.380612,282.3236,1
0.380612,305.7877,1
0.380612,331.2019,1
0.380612,358.7284,1
0.380612,388.5425,1
0.380612,420.8346,1
0.380612,455.8105,1
0.380612,493.6932,1
0.380612,534.7244,1
0.380612,579.1657,1
0.380612,627.3006,1
0.380612,679.4360,1
0.380612,735.9045,1
0.380612,797.0660,1
0.380612,863.3107,1
0.380612,935.0611,1
0.380612,1012.7747,1
0.380612,1096.9472,1
0.380612,1188.1153,1
0.380612,1286.8604,1
0.380612,1393.8123,1
0.380612,1509.6530,1
0.380612,1635.1214,1
0.380612,1771.0175,1
0.380612,1918.2081,1
0.380612,2077.6318,1
0.380612,2250.3052,1
0.380612,2437.3297,1
0.380612,2639.8980,1
0.380612,2859.3018,1
0.380612,3096.9405,1
0.380612,3354.3295,1
0.380612,3633.1102,1
0.380612,3935.0607,1
0.380612,4262.1064,1
0.380612,4616.3332,1
0.380612,5000.0000,1
0.398980,100.0000,1
0.398980,108.3111,1
0.398980,117.3129,1
0.398980,127.0628,1
0.398980,137.6231,1
0.398980,149.0611,1
0.398980,161.4497,1
0.398980,174.8679,1
0.398980,189.4013,1
0.398980,205.1425,1
0.398980,222.1921,1
0.398980,240.6586,1
0.398980,260.6599,1
0.398980,282.3236,1
0.398980,305.7877,1
0.398980,331.2019,1
0.398980,358.7284,1
0.398980,388.5425,1
0.398980,420.8346,1
0.398980,455.8105,1
0.398980,493.6932,1
0.398980,534.7244,1
0.398980,579.1657,1
0.398980,627.3006,1
0.398980,679.4360,1
0.398980,735.9045,1
0.398980,797.0660,1
0.398980,863.3107,1
0.398980,935.0611,1
0.398980,1012.7747,1
0.398980,1096.9472,1
0.398980,1188.1153,1
0.398980,1286.8604,1
0.398980,1393.8123,1
0.398980,1509.6530,1
0.398980,1635.1214,1
0.398980,1771.0175,1
0.398980,1918.2081,1
0.398980,2077.6318,1
0.398980,2250.3052,1
0.398980,2437.3297,1
0.398980,2639.8980,1
0.398980,2859.3018,1
0.398980,3096.9405,1
0.398980,3354.3295,1
0.398980,3633.1102,1
0.398980,3935.0607,1
0.398980,4262.1064,1
0.398980,4616.3332,1
0.398980,5000.0000,1
0.417347,100.0000,1
0.417347,108.3111,1
0.417347,117.3129,1
0.417347,127.0628,1
0.417347,137.6231,1
0.417347,149.0611,1
0.417347,161.4497,1
0.417347,174.8679,1
0.417347,189.4013,1
0.417347,205.1425,1
0.417347,222.1921,1
0.417347,240.6586,1
0.417347,260.6599,1
0.417347,282.3236,1
0.417347,305.7877,1
0.417347,331.2019,1
0.417347,358.7284,1
0.417347,388.5425,1
0.417347,420.8346,1
0.417347,455.8105,1
0.417347,493.6932,1
0.417347,534.7244,1
0.417347,579.1657,1
0.417347,627.3006,1
0.417347,679.4360,1
0.417347,735.9045,1
0.417347,797.0660,1
0.417347,863.3107,1
0.417347,935.0611,1
0.417347,1012.7747,1
0.417347,1096.9472,1
0.417347,1188.1153,1
0.417347,1286.8604,1
0.417347,1393.8123,1
0.417347,1509.6530,1
0.417347,1635.1214,1
0.417347,1771.0175,1
0.417347,1918.2081,1
0.417347,2077.6318,1
0.417347,2250.3052,1
0.417347,2437.3297,1
0.417347,2639.8980,1
0.417347,2859.3018,1
0.417347,3096.9405,1
0.417347,3354.3295,1
0.417347,3633.1102,1
0.417347,3935.0607,1
0.417347,4262.1064,1
0.417347,4616.3332,1
0.417347,5000.0000,1
0.435714,100.0000,1
0.435714,108.3111,1
0.435714,117.3129,1
0.435714,127.0628,1
0.435714,137.6231,1
0.435714,149.0611,1
0.435714,161.4497,1
0.435714,174.8679,1
0.435714,189.4013,1
0.435714,205.1425,1
0.435714,222.1921,1
0.435714,240.6586,1
0.435714,260.6599,1
0.435714,282.3236,1
0.435714,305.7877,1
0.435714,331.2019,1
0.435714,358.7284,1
0.435714,388.5425,1
0.435714,420.8346,1
0.435714,455.8105,1
0.435714,493.6932,1
0.435714,534.7244,1
0.435714,579.1657,1
0.435714,627.3006,1
0.435714,679.4360,1
0.435714,735.9045,1
0.435714,797.0660,1
0.435714,863.3107,1
0.435714,935.0611,1
0.435714,1012.7747,1
0.435714,1096.9472,1
0.435714,1188.1153,1
0.435714,1286.8604,1
0.435714,1393.8123,1
0.435714,1509.6530,1
0.435714,1635.1214,1
0.435714,1771.0175,1
0.435714,1918.2081,1
0.435714,2077.6318,1
0.435714,2250.3052,1
0.435714,2437.3297,1
0.435714,2639.8980,1
0.435714,2859.3018,1
0.435714,3096.9405,1
0.435714,3354.3295,1
0.435714,3633.1102,1
0.435714,3935.0607,1
0.435714,4262.1064,1
0.435714,4616.3332,1
0.435714,5000.0000,1
0.454082,100.0000,1
0.454082,108.3111,1
0.454082,117.3129,1
0.454082,127.0628,1
0.454082,137.6231,1
0.454082,149.0611,1
0.454082,161.4497,1
0.454082,174.8679,1
0.454082,189.4013,1
0.454082,205.1425,1
0.454082,222.1921,1
0.454082,240.6586,1
0.454082,260.6599,1
0.454082,282.3236,1
0.454082,305.7877,1
0.454082,331.2019,1
0.454082,358.7284,1
0.454082,388.5425,1
0.454082,420.8346,1
0.454082,455.8105,1
0.454082,493.6932,1
0.454082,534.7244,1
0.454082,579.1657,1
0.454082,627.3006,1
0.454082,679.4360,1
0.454082,735.9045,1
0.454082,797.0660,1
0.454082,863.3107,1
0.454082,935.0611,1
0.454082,1012.7747,1
0.454082,1096.9472,1
0.454082,1188.1153,1
0.454082,1286.8604,1
0.454082,1393.8123,1
0.454082,1509.6530,1
0.454082,1635.1214,1
0.454082,1771.0175,1
0.454082,1918.2081,1
0.454082,2077.6318,1
0.454082,2250.3052,1
0.454082,2437.3297,1
0.454082,2639.8980,1
0.454082,2859.3018,1
0.454082,3096.9405,1
0.454082,3354.3295,1
0.454082,3633.1102,1
0.454082,3935.0607,1
0.454082,4262.1064,1
0.454082,4616.3332,1
0.454082,5000.0000,1
0.472449,100.0000,1
0.472449,108.3111,1
0.472449,117.3129,1
0.472449,127.0628,1
0.472449,137.6231,1
0.472449,149.0611,1
0.472449,161.4497,1
0.472449,174.8679,1
0.472449,189.4013,1
0.472449,205.1425,1
0.472449,222.1921,1
0.472449,240.6586,1
0.472449,260.6599,1
0.472449,282.3236,1
0.472449,305.7877,1
0.472449,331.2019,1
0.472449,358.7284,1
0.472449,388.5425,1
0.472449,420.8346,1
0.472449,455.8105,1
0.472449,493.6932,1
0.472449,534.7244,1
0.472449,579.1657,1
0.472449,627.3006,1
0.472449,679.4360,1
0.472449,735.9045,1
0.472449,797.0660,1
0.472449,863.3107,1
0.472449,935.0611,1
0.472449,1012.7747,1
0.472449,1096.9472,1
0.472449,1188.1153,1
0.472449,1286.8604,1
0.472449,1393.8123,1
0.472449,1509.6530,1
0.472449,1635.1214,1
0.472449,1771.0175,1
0.472449,1918.2081,1
0.472449,2077.6318,1
0.472449,2250.3052,1
0.472449,2437.3297,1
0.472449,2639.8980,1
0.472449,2859.3018,1
0.472449,3096.9405,1
0.472449,3354.3295,1
0.472449,3633.1102,1
0.472449,3935.0607,1
0.472449,4262.1064,1
0.472449,4616.3332,1
0.472449,5000.0000,1
0.490816,100.0000,1
0.490816,108.3111,1
0.490816,117.3129,1
0.490816,127.0628,1
0.490816,137.6231,1
0.490816,149.0611,1
0.490816,161.4497,1
0.490816,174.8679,1
0.490816,189.4013,1
0.490816,205.1425,1
0.490816,222.1921,1
0.490816,240.6586,1
0.490816,260.6599,1
0.490816,282.3236,1
0.490816,305.7877,1
0.490816,331.2019,1
0.490816,358.7284,1
0.490816,388.5425,1
0.490816,420.8346,1
0.490816,455.8105,1
0.490816,493.6932,1
0.490816,534.7244,1
0.490816,579.1657,1
0.490816,627.3006,1
0.490816,679.4360,1
0.490816,735.9045,1
0.490816,797.0660,1
0.490816,863.3107,1
0.490816,935.0611,1
0.490816,1012.7747,1
0.490816,1096.9472,1
0.490816,1188.1153,1
0.490816,1286.8604,1
0.490816,1393.8123,1
0.490816,1509.6530,1
0.490816,1635.1214,1
0.490816,1771.0175,1
0.490816,1918.2081,1
0.490816,2077.6318,1
0.490816,2250.3052,1
0.490816,2437.3297,1
0.490816,2639.8980,1
0.490816,2859.3018,1
0.490816,3096.9405,1
0.490816,3354.3295,1
0.490816,3633.1102,1
0.490816,3935.0607,1
0.490816,4262.1064,1
0.490816,4616.3332,1
0.490816,5000.0000,1
0.509184,100.0000,1
0.509184,108.3111,1
0.509184,117.3129,1
0.509184,127.0628,1
0.509184,137.6231,1
0.509184,149.0611,1
0.509184,161.4497,1
0.509184,174.8679,1
0.509184,189.4013,1
0.509184,205.1425,1
0.509184,222.1921,1
0.509184,240.6586,1
0.509184,260.6599,1
0.509184,282.3236,1
0.509184,305.7877,1
0.509184,331.2019,1
0.509184,358.7284,1
0.509184,388.5425,1
0.509184,420.8346,1
0.509184,455.8105,1
0.509184,493.6932,1
0.509184,534.7244,1
0.509184,579.1657,1
0.509184,627.3006,1
0.509184,679.4360,1
0.509184,735.9045,1
0.509184,797.0660,1
0.509184,863.3107,1
0.509184,935.0611,1
0.509184,1012.7747,1
0.509184,1096.9472,1
0.509184,1188.1153,1
0.509184,1286.8604,1
0.509184,1393.8123,1
0.509184,1509.6530,1
0.509184,1635.1214,1
0.509184,1771.0175,1
0.509184,1918.2081,1
0.509184,2077.6318,1
0.509184,2250.3052,1
0.509184,2437.3297,1
0.509184,2639.8980,1
0.509184,2859.3018,1
0.509184,3096.9405,1
0.509184,3354.3295,1
0.509184,3633.1102,1
0.509184,3935.0607,1
0.509184,4262.1064,1
0.509184,4616.3332,1
0.509184,5000.0000,1
0.527551,100.0000,1
0.527551,108.3111,1
0.527551,117.3129,1
0.527551,127.0628,1
0.527551,137.6231,1
0.527551,149.0611,1
0.527551,161.4497,1
0.527551,174.8679,1
0.527551,189.4013,1
0.527551,205.1425,1
0.527551,222.1921,1
0.527551,240.6586,1
0.527551,260.6599,1
0.527551,282.3236,1
0.527551,305.7877,1
0.527551,331.2019,1
0.527551,358.7284,1
0.527551,388.5425,1
0.527551,420.8346,1
0.527551,455.8105,1
0.527551,493.6932,1
0.527551,534.7244,1
0.527551,579.1657,1
0.527551,627.3006,1
0.527551,679.4360,1
0.527551,735.9045,1
0.527551,797.0660,1
0.527551,863.3107,1
0.527551,935.0611,1
0.527551,1012.7747,1
0.527551,1096.9472,1
0.527551,1188.1153,1
0.527551,1286.8604,1
0.527551,1393.8123,1
0.527551,1509.6530,1
0.527551,1635.1214,1
0.527551,1771.0175,1
0.527551,1918.2081,1
0.527551,2077.6318,1
0.527551,2250.3052,1
0.527551,2437.3297,1
0.527551,2639.8980,1
0.527551,2859.3018,1
0.527551,3096.9405,1
0.527551,3354.3295,1
0.527551,3633.1102,1
0.527551,3935.0607,1
0.527551,4262.1064,1
0.527551,4616.3332,1
0.527551,5000.0000,1
0.545918,100.0000,1
0.545918,108.3111,1
0.545918,117.3129,1
0.545918,127.0628,1
0.545918,137.6231,1
0.545918,149.0611,1
0.545918,161.4497,1
0.545918,174.8679,1
0.545918,189.4013,1
0.545918,205.1425,1
0.545918,222.1921,1
0.545918,240.6586,1
0.545918,260.6599,1
0.545918,282.3236,1
0.545918,305.7877,1
0.545918,331.2019,1
0.545918,358.7284,1
0.545918,388.5425,1
0.545918,420.8346,1
0.545918,455.8105,1
0.545918,493.6932,1
0.545918,534.7244,1
0.545918,579.1657,1
0.545918,627.3006,1
0.545918,679.4360,1
0.545918,735.9045,1
0.545918,797.0660,1
0.545918,863.3107,1
0.545918,935.0611,1
0.545918,1012.7747,1
0.545918,1096.9472,1
0.545918,1188.1153,1
0.545918,1286.8604,1
0.545918,1393.8123,1
0.545918,1509.6530,1
0.545918,1635.1214,1
0.545918,1771.0175,1
0.545918,1918.2081,1
0.545918,2077.6318,1
0.545918,2250.3052,1
0.545918,2437.3297,1
0.545918,2639.8980,1
0.545918,2859.3018,1
0.545918,3096.9405,1
0.545918,3354.3295,1
0.545918,3633.1102,1
0.545918,3935.0607,1
0.545918,4262.1064,1
0.545918,4616.3332,1
0.545918,5000.0000,1
0.564286,100.0000,1
0.564286,108.3111,1
0.564286,117.3129,1
0.564286,127.0628,1
0.564286,137.6231,1
0.564286,149.0611,1
0.564286,161.4497,1
0.564286,174.8679,1
0.564286,189.4013,1
0.564286,205.1425,1
0.564286,222.1921,1
0.564286,240.6586,1
0.564286,260.6599,1
0.564286,282.3236,1
0.564286,305.7877,1
0.564286,331.2019,1
0.564286,358.7284,1
0.564286,388.5425,1
0.564286,420.8346,1
0.564286,455.8105,1
0.564286,493.6932,1
0.564286,534.7244,1
0.564286,579.1657,1
0.564286,627.3006,1
0.564286,679.4360,1
0.564286,735.9045,1
0.564286,797.0660,1
0.564286,863.3107,1
0.564286,935.0611,1
0.564286,1012.7747,1
0.564286,1096.9472,1
0.564286,1188.1153,1
0.564286,1286.8604,1
0.564286,1393.8123,1
0.564286,1509.6530,1
0.564286,1635.1214,1
0.564286,1771.0175,1
0.564286,1918.2081,1
0.564286,2077.6318,1
0.564286,2250.3052,1
0.564286,2437.3297,1
0.564286,2639.8980,1
0.564286,2859.3018,1
0.564286,3096.9405,1
0.564286,3354.3295,1
0.564286,3633.1102,1
0.564286,3935.0607,1
0.564286,4262.1064,1
0.564286,4616.3332,1
0.564286,5000.0000,1
0.582653,100.0000,1
0.582653,108.3111,1
0.582653,117.3129,1
0.582653,127.0628,1
0.582653,137.6231,1
0.582653,149.0611,1
0.582653,161.4497,1
0.582653,174.8679,1
0.582653,189.4013,1
0.582653,205.1425,1
0.582653,222.1921,1
0.582653,240.6586,1
0.582653,260.6599,1
0.582653,282.3236,1
0.582653,305.7877,1
0.582653,331.2019,1
0.582653,358.7284,1
0.582653,388.5425,1
0.582653,420.8346,1
0.582653,455.8105,1
0.582653,493.6932,1
0.582653,534.7244,1
0.582653,579.1657,1
0.582653,627.3006,1
0.582653,679.4360,1
0.582653,735.9045,1
0.582653,797.0660,1
0.582653,863.3107,1
0.582653,935.0611,1
0.582653,1012.7747,1
0.582653,1096.9472,1
0.582653,1188.1153,1
0.582653,1286.8604,1
0.582653,1393.8123,1
0.582653,1509.6530,1
0.582653,1635.1214,1
0.582653,1771.0175,1
0.582653,1918.2081,1
0.582653,2077.6318,1
0.582653,2250.3052,1
0.582653,2437.3297,1
0.582653,2639.8980,1
0.582653,2859.3018,1
0.582653,3096.9405,1
0.582653,3354.3295,1
0.582653,3633.1102,1
0.582653,3935.0607,1
0.582653,4262.1064,1
0.582653,4616.3332,1
0.582653,5000.0000,1
0.601020,100.0000,1
0.601020,108.3111,1
0.601020,117.3129,1
0.601020,127.0628,1
0.601020,137.6231,1
0.601020,149.0611,1
0.601020,161.4497,1
0.601020,174.8679,1
0.601020,189.4013,1
0.601020,205.1425,1
0.601020,222.1921,1
0.601020,240.6586,1
0.601020,260.6599,1
0.601020,282.3236,1
0.601020,305.7877,1
0.601020,331.2019,1
0.601020,358.7284,1
0.601020,388.5425,1
0.601020,420.8346,1
0.601020,455.8105,1
0.601020,493.6932,1
0.601020,534.7244,1
0.601020,579.1657,1
0.601020,627.3006,1
0.601020,679.4360,1
0.601020,735.9045,1
0.601020,797.0660,1
0.601020,863.3107,1
0.601020,935.0611,1
0.601020,1012.7747,1
0.601020,1096.9472,1
0.601020,1188.1153,1
0.601020,1286.8604,1
0.601020,1393.8123,1
0.601020,1509.6530,1
0.601020,1635.1214,1
0.601020,1771.0175,1
0.601020,1918.2081,1
0.601020,2077.6318,1
0.601020,2250.3052,1
0.601020,2437.3297,1
0.601020,2639.8980,1
0.601020,2859.3018,1
0.601020,3096.9405,1
0.601020,3354.3295,1
0.601020,3633.1102,1
0.601020,3935.0607,1
0.601020,4262.1064,1
0.601020,4616.3332,1
0.601020,5000.0000,1
0.619388,100.0000,1
0.619388,108.3111,1
0.619388,117.3129,1
0.619388,127.0628,1
0.619388,137.6231,1
0.619388,149.0611,1
0.619388,161.4497,1
0.619388,174.8679,1
0.619388,189.4013,1
0.619388,205.1425,1
0.619388,222.1921,1
0.619388,240.6586,1
0.619388,260.6599,1
0.619388,282.3236,1
0.619388,305.7877,1
0.619388,331.2019,1
0.619388,358.7284,1
0.619388,388.5425,1
0.619388,420.8346,1
0.619388,455.8105,1
0.619388,493.6932,1
0.619388,534.7244,1
0.619388,579.1657,1
0.619388,627.3006,1
0.619388,679.4360,1
0.619388,735.9045,1
0.619388,797.0660,1
0.619388,863.3107,1
0.619388,935.0611,1
0.619388,1012.7747,1
0.619388,1096.9472,1
0.619388,1188.1153,1
0.619388,1286.8604,1
0.619388,1393.8123,1
0.619388,1509.6530,1
0.619388,1635.1214,1
0.619388,1771.0175,1
0.619388,1918.2081,1
0.619388,2077.6318,1
0.619388,2250.3052,1
0.619388,2437.3297,1
0.619388,2639.8980,1
0.619388,2859.3018,1
0.619388,3096.9405,1
0.619388,3354.3295,1
0.619388,3633.1102,1
0.619388,3935.0607,1
0.619388,4262.1064,1
0.619388,4616.3332,1
0.619388,5000.0000,1
0.637755,100.0000,1
0.637755,108.3111,1
0.637755,117.3129,1
0.637755,127.0628,1
0.637755,137.6231,1
0.637755,149.0611,1
0.637755,161.4497,1
0.637755,174.8679,1
0.637755,189.4013,1
0.637755,205.1425,1
0.637755,222.1921,1
0.637755,240.6586,1
0.637755,260.6599,1
0.637755,282.3236,1
0.637755,305.7877,1
0.637755,331.2019,1
0.637755,358.7284,1
0.637755,388.5425,1
0.637755,420.8346,1
0.637755,455.8105,1
0.637755,493.6932,1
0.637755,534.7244,1
0.637755,579.1657,1
0.637755,627.3006,1
0.637755,679.4360,1
0.637755,735.9045,1
0.637755,797.0660,1
0.637755,863.3107,1
0.637755,935.0611,1
0.637755,1012.7747,1
0.637755,1096.9472,1
0.637755,1188.1153,1
0.637755,1286.8604,1
0.637755,1393.8123,1
0.637755,1509.6530,1
0.637755,1635.1214,1
0.637755,1771.0175,1
0.637755,1918.2081,1
0.637755,2077.6318,1
0.637755,2250.3052,1
0.637755,2437.3297,1
0.637755,2639.8980,1
0.637755,2859.3018,1
0.637755,3096.9405,1
0.637755,3354.3295,1
0.637755,3633.1102,1
0.637755,3935.0607,1
0.637755,4262.1064,1
0.637755,4616.3332,1
0.637755,5000.0000,1
0.656122,100.0000,1
0.656122,108.3111,1
0.656122,117.3129,1
0.656122,127.0628,1
0.656122,137.6231,1
0.656122,149.0611,1
0.656122,161.4497,1
0.656122,174.8679,1
0.656122,189.4013,1
0.656122,205.1425,1
0.656122,222.1921,1
0.656122,240.6586,1
0.656122,260.6599,1
0.656122,282.3236,1
0.656122,305.7877,1
0.656122,331.2019,1
0.656122,358.7284,1
0.656122,388.5425,1
0.656122,420.8346,1
0.656122,455.8105,1
0.656122,493.6932,1
0.656122,534.7244,1
0.656122,579.1657,1
0.656122,627.3006,1
0.656122,679.4360,1
0.656122,735.9045,1
0.656122,797.0660,1
0.656122,863.3107,1
0.656122,935.0611,1
0.656122,1012.7747,1
0.656122,1096.9472,1
0.656122,1188.1153,1
0.656122,1286.8604,1
0.656122,1393.8123,1
0.656122,1509.6530,1
0.656122,1635.1214,1
0.656122,1771.0175,1
0.656122,1918.2081,1
0.656122,2077.6318,1
0.656122,2250.3052,1
0.656122,2437.3297,1
0.656122,2639.8980,1
0.656122,2859.3018,1
0.656122,3096.9405,1
0.656122,3354.3295,1
0.656122,3633.1102,1
0.656122,3935.0607,1
0.656122,4262.1064,1
0.656122,4616.3332,1
0.656122,5000.0000,1
0.674490,100.0000,1
0.674490,108.3111,1
0.674490,117.3129,1
0.674490,127.0628,1
0.674490,137.6231,1
0.674490,149.0611,1
0.674490,161.4497,1
0.674490,174.8679,1
0.674490,189.4013,1
0.674490,205.1425,1
0.674490,222.1921,1
0.674490,240.6586,1
0.674490,260.6599,1
0.674490,282.3236,1
0.674490,305.7877,1
0.674490,331.2019,1
0.674490,358.7284,1
0.674490,388.5425,1
0.674490,420.8346,1
0.674490,455.8105,1
0.674490,493.6932,1
0.674490,534.7244,1
0.674490,579.1657,1
0.674490,627.3006,1
0.674490,679.4360,1
0.674490,735.9045,1
0.674490,797.0660,1
0.674490,863.3107,1
0.674490,935.0611,1
0.674490,1012.7747,1
0.674490,1096.9472,1
0.674490,1188.1153,1
0.674490,1286.8604,1
0.674490,1393.8123,1
0.674490,1509.6530,1
0.674490,1635.1214,1
0.674490,1771.0175,1
0.674490,1918.2081,1
0.674490,2077.6318,1
0.674490,2250.3052,1
0.674490,2437.3297,1
0.674490,2639.8980,1
0.674490,2859.3018,1
0.674490,3096.9405,1
0.674490,3354.3295,1
0.674490,3633.1102,1
0.674490,3935.0607,1
0.674490,4262.1064,1
0.674490,4616.3332,1
0.674490,5000.0000,1
0.692857,100.0000,1
0.692857,108.3111,1
0.692857,117.3129,1
0.692857,127.0628,1
0.692857,137.6231,1
0.692857,149.0611,1
0.692857,161.4497,1
0.692857,174.8679,1
0.692857,189.4013,1
0.692857,205.1425,1
0.692857,222.1921,1
0.692857,240.6586,1
0.692857,260.6599,1
0.692857,282.3236,1
0.692857,305.7877,1
0.692857,331.2019,1
0.692857,358.7284,1
0.692857,388.5425,1
0.692857,420.8346,1
0.692857,455.8105,1
0.692857,493.6932,1
0.692857,534.7244,1
0.692857,579.1657,1
0.692857,627.3006,1
0.692857,679.4360,1
0.692857,735.9045,1
0.692857,797.0660,1
0.692857,863.3107,1
0.692857,935.0611,1
0.692857,1012.7747,1
0.692857,1096.9472,1
0.692857,1188.1153,1
0.692857,1286.8604,1
0.692857,1393.8123,1
0.692857,1509.6530,1
0.692857,1635.1214,1
0.692857,1771.0175,1
0.692857,1918.2081,1
0.692857,2077.6318,1
0.692857,2250.3052,1
0.692857,2437.3297,1
0.692857,2639.8980,1
0.692857,2859.3018,1
0.692857,3096.9405,1
0.692857,3354.3295,1
0.692857,3633.1102,1
0.692857,3935.0607,1
0.692857,4262.1064,1
0.692857,4616.3332,1
0.692857,5000.0000,1
0.711224,100.0000,1
0.711224,108.3111,1
0.711224,117.3129,1
0.711224,127.0628,1
0.711224,137.6231,1
0.711224,149.0611,1
0.711224,161.4497,1
0.711224,174.8679,1
0.711224,189.4013,1
0.711224,205.1425,1
0.711224,222.1921,1
0.711224,240.6586,1
0.711224,260.6599,1
0.711224,282.3236,1
0.711224,305.7877,1
0.711224,331.2019,1
0.711224,358.7284,1
0.711224,388.5425,1
0.711224,420.8346,1
0.711224,455.8105,1
0.711224,493.6932,1
0.711224,534.7244,1
0.711224,579.1657,1
0.711224,627.3006,1
0.711224,679.4360,1
0.711224,735.9045,1
0.711224,797.0660,1
0.711224,863.3107,1
0.711224,935.0611,1
0.711224,1012.7747,1
0.711224,1096.9472,1
0.711224,1188.1153,1
0.711224,1286.8604,1
0.711224,1393.8123,1
0.711224,1509.6530,1
0.711224,1635.1214,1
0.711224,1771.0175,1
0.711224,1918.2081,1
0.711224,2077.6318,1
0.711224,2250.3052,1
0.711224,2437.3297,1
0.711224,2639.8980,1
0.711224,2859.3018,1
0.711224,3096.9405,1
0.711224,3354.3295,1
0.711224,3633.1102,1
0.711224,3935.0607,1
0.711224,4262.1064,1
0.711224,4616.3332,1
0.711224,5000.0000,1
0.729592,100.0000,1
0.729592,108.3111,1
0.729592,117.3129,1
0.729592,127.0628,1
0.729592,137.6231,1
0.729592,149.0611,1
0.729592,161.4497,1
0.729592,174.8679,1
0.729592,189.4013,1
0.729592,205.1425,1
0.729592,222.1921,1
0.729592,240.6586,1
0.729592,260.6599,1
0.729592,282.3236,1
0.729592,305.7877,1
0.729592,331.2019,1
0.729592,358.7284,1
0.729592,388.5425,1
0.729592,420.8346,1
0.729592,455.8105,1
0.729592,493.6932,1
0.729592,534.7244,1
0.729592,579.1657,1
0.729592,627.3006,1
0.729592,679.4360,1
0.729592,735.9045,1
0.729592,797.0660,1
0.729592,863.3107,1
0.729592,935.0611,1
0.729592,1012.7747,1
0.729592,1096.9472,1
0.729592,1188.1153,1
0.729592,1286.8604,1
0.729592,1393.8123,1
0.729592,1509.6530,1
0.729592,1635.1214,1
0.729592,1771.0175,1
0.729592,1918.2081,1
0.729592,2077.6318,1
0.729592,2250.3052,1
0.729592,2437.3297,1
0.729592,2639.8980,1
0.729592,2859.3018,1
0.729592,3096.9405,1
0.729592,3354.3295,1
0.729592,3633.1102,1
0.729592,3935.0607,1
0.729592,4262.1064,1
0.729592,4616.3332,1
0.729592,5000.0000,1
0.747959,100.0000,1
0.747959,108.3111,1
0.747959,117.3129,1
0.747959,127.0628,1
0.747959,137.6231,1
0.747959,149.0611,1
0.747959,161.4497,1
0.747959,174.8679,1
0.747959,189.4013,1
0.747959,205.1425,1
0.747959,222.1921,1
0.747959,240.6586,1
0.747959,260.6599,1
0.747959,282.3236,1
0.747959,305.7877,1
0.747959,331.2019,1
0.747959,358.7284,1
0.747959,388.5425,1
0.747959,420.8346,1
0.747959,455.8105,1
0.747959,493.6932,1
0.747959,534.7244,1
0.747959,579.1657,1
0.747959,627.3006,1
0.747959,679.4360,1
0.747959,735.9045,1
0.747959,797.0660,1
0.747959,863.3107,1
0.747959,935.0611,1
0.747959,1012.7747,1
0.747959,1096.9472,1
0.747959,1188.1153,1
0.747959,1286.8604,1
0.747959,1393.8123,1
0.747959,1509.6530,1
0.747959,1635.1214,1
0.747959,1771.0175,1
0.747959,1918.2081,1
0.747959,2077.6318,1
0.747959,2250.3052,1
0.747959,2437.3297,1
0.747959,2639.8980,1
0.747959,2859.3018,1
0.747959,3096.9405,1
0.747959,3354.3295,1
0.747959,3633.1102,1
0.747959,3935.0607,1
0.747959,4262.1064,1
0.747959,4616.3332,1
0.747959,5000.0000,1
0.766327,100.0000,1
0.766327,108.3111,1
0.766327,117.3129,1
0.766327,127.0628,1
0.766327,137.6231,1
0.766327,149.0611,1
0.766327,161.4497,1
0.766327,174.8679,1
0.766327,189.4013,1
0.766327,205.1425,1
0.766327,222.1921,1
0.766327,240.6586,1
0.766327,260.6599,1
0.766327,282.3236,1
0.766327,305.7877,1
0.766327,331.2019,1
0.766327,358.7284,1
0.766327,388.5425,1
0.766327,420.8346,1
0.766327,455.8105,1
0.766327,493.6932,1
0.766327,534.7244,1
0.766327,579.1657,1
0.766327,627.3006,1
0.766327,679.4360,1
0.766327,735.9045,1
0.766327,797.0660,1
0.766327,863.3107,1
0.766327,935.0611,1
0.766327,1012.7747,1
0.766327,1096.9472,1
0.766327,1188.1153,1
0.766327,1286.8604,1
0.766327,1393.8123,1
0.766327,1509.6530,1
0.766327,1635.1214,1
0.766327,1771.0175,1
0.766327,1918.2081,1
0.766327,2077.6318,1
0.766327,2250.3052,1
0.766327,2437.3297,1
0.766327,2639.8980,1
0.766327,2859.3018,1
0.766327,3096.9405,1
0.766327,3354.3295,1
0.766327,3633.1102,1
0.766327,3935.0607,1
0.766327,4262.1064,1
0.766327,4616.3332,1
0.766327,5000.0000,1
0.784694,100.0000,1
0.784694,108.3111,1
0.784694,117.3129,1
0.784694,127.0628,1
0.784694,137.6231,1
0.784694,149.0611,1
0.784694,161.4497,1
0.784694,174.8679,1
0.784694,189.4013,1
0.784694,205.1425,1
0.784694,222.1921,1
0.784694,240.6586,1
0.784694,260.6599,1
0.784694,282.3236,1
0.784694,305.7877,1
0.784694,331.2019,1
0.784694,358.7284,1
0.784694,388.5425,1
0.784694,420.8346,1
0.784694,455.8105,1
0.784694,493.6932,1
0.784694,534.7244,1
0.784694,579.1657,1
0.784694,627.3006,1
0.784694,679.4360,1
0.784694,735.9045,1
0.784694,797.0660,1
0.784694,863.3107,1
0.784694,935.0611,1
0.784694,1012.7747,1
0.784694,1096.9472,1
0.784694,1188.1153,1
0.784694,1286.8604,1
0.784694,1393.8123,1
0.784694,1509.6530,1
0.784694,1635.1214,1
0.784694,1771.0175,1
0.784694,1918.2081,1
0.784694,2077.6318,1
0.784694,2250.3052,1
0.784694,2437.3297,1
0.784694,2639.8980,1
0.784694,2859.3018,1
0.784694,3096.9405,1
0.784694,3354.3295,1
0.784694,3633.1102,1
0.784694,3935.0607,1
0.784694,4262.1064,1
0.784694,4616.3332,1
0.784694,5000.0000,1
0.803061,100.0000,1
0.803061,108.3111,1
0.803061,117.3129,1
0.803061,127.0628,1
0.803061,137.6231,1
0.803061,149.0611,1
0.803061,161.4497,1
0.803061,174.8679,1
0.803061,189.4013,1
0.803061,205.1425,1
0.803061,222.1921,1
0.803061,240.6586,1
0.803061,260.6599,1
0.803061,282.3236,1
0.803061,305.7877,1
0.803061,331.2019,1
0.803061,358.7284,1
0.803061,388.5425,1
0.803061,420.8346,1
0.803061,455.8105,1
0.803061,493.6932,1
0.803061,534.7244,1
0.803061,579.1657,1
0.803061,627.3006,1
0.803061,679.4360,1
0.803061,735.9045,1
0.803061,797.0660,1
0.803061,863.3107,1
0.803061,935.0611,1
0.803061,1012.7747,1
0.803061,1096.9472,1
0.803061,1188.1153,1
0.803061,1286.8604,1
0.803061,1393.8123,1
0.803061,1509.6530,1
0.803061,1635.1214,1
0.803061,1771.0175,1
0.803061,1918.2081,1
0.803061,2077.6318,1
0.803061,2250.3052,1
0.803061,2437.3297,1
0.803061,2639.8980,1
0.803061,2859.3018,1
0.803061,3096.9405,1
0.803061,3354.3295,1
0.803061,3633.1102,1
0.803061,3935.0607,1
0.803061,4262.1064,1
0.803061,4616.3332,1
0.803061,5000.0000,1
0.821429,100.0000,1
0.821429,108.3111,1
0.821429,117.3129,1
0.821429,127.0628,1
0.821429,137.6231,1
0.821429,149.0611,1
0.821429,161.4497,1
0.821429,174.8679,1
0.821429,189.4013,1
0.821429,205.1425,1
0.821429,222.1921,1
0.821429,240.6586,1
0.821429,260.6599,1
0.821429,282.3236,1
0.821429,305.7877,1
0.821429,331.2019,1
0.821429,358.7284,1
0.821429,388.5425,1
0.821429,420.8346,1
0.821429,455.8105,1
0.821429,493.6932,1
0.821429,534.7244,1
0.821429,579.1657,1
0.821429,627.3006,1
0.821429,679.4360,1
0.821429,735.9045,1
0.821429,797.0660,1
0.821429,863.3107,1
0.821429,935.0611,1
0.821429,1012.7747,1
0.821429,1096.9472,1
0.821429,1188.1153,1
0.821429,1286.8604,1
0.821429,1393.8123,1
0.821429,1509.6530,1
0.821429,1635.1214,1
0.821429,1771.0175,1
0.821429,1918.2081,1
0.821429,2077.6318,1
0.821429,2250.3052,1
0.821429,2437.3297,1
0.821429,2639.8980,1
0.821429,2859.3018,1
0.821429,3096.9405,1
0.821429,3354.3295,1
0.821429,3633.1102,1
0.821429,3935.0607,1
0.821429,4262.1064,1
0.821429,4616.3332,1
0.821429,5000.0000,1
0.839796,100.0000,1
0.839796,108.3111,1
0.839796,117.3129,1
0.839796,127.0628,1
0.839796,137.6231,1
0.839796,149.0611,1
0.839796,161.4497,1
0.839796,174.8679,1
0.839796,189.4013,1
0.839796,205.1425,1
0.839796,222.1921,1
0.839796,240.6586,1
0.839796,260.6599,1
0.839796,282.3236,1
0.839796,305.7877,1
0.839796,331.2019,1
0.839796,358.7284,1
0.839796,388.5425,1
0.839796,420.8346,1
0.839796,455.8105,1
0.839796,493.6932,1
0.839796,534.7244,1
0.839796,579.1657,1
0.839796,627.3006,1
0.839796,679.4360,1
0.839796,735.9045,1
0.839796,797.0660,1
0.839796,863.3107,1
0.839796,935.0611,1
0.839796,1012.7747,1
0.839796,1096.9472,1
0.839796,1188.1153,1
0.839796,1286.8604,1
0.839796,1393.8123,1
0.839796,1509.6530,1
0.839796,1635.1214,1
0.839796,1771.0175,1
0.839796,1918.2081,1
0.839796,2077.6318,1
0.839796,2250.3052,1
0.839796,2437.3297,1
0.839796,2639.8980,1
0.839796,2859.3018,1
0.839796,3096.9405,1
0.839796,3354.3295,1
0.839796,3633.1102,1
0.839796,3935.0607,1
0.839796,4262.1064,1
0.839796,4616.3332,1
0.839796,5000.0000,1
0.858163,100.0000,1
0.858163,108.3111,1
0.858163,117.3129,1
0.858163,127.0628,1
0.858163,137.6231,1
0.858163,149.0611,1
0.858163,161.4497,1
0.858163,174.8679,1
0.858163,189.4013,1
0.858163,205.1425,1
0.858163,222.1921,1
0.858163,240.6586,1
0.858163,260.6599,1
0.858163,282.3236,1
0.858163,305.7877,1
0.858163,331.2019,1
0.858163,358.7284,1
0.858163,388.5425,1
0.858163,420.8346,1
0.858163,455.8105,1
0.858163,493.6932,1
0.858163,534.7244,1
0.858163,579.1657,1
0.858163,627.3006,1
0.858163,679.4360,1
0.858163,735.9045,1
0.858163,797.0660,1
0.858163,863.3107,1
0.858163,935.0611,1
0.858163,1012.7747,1
0.858163,1096.9472,1
0.858163,1188.1153,1
0.858163,1286.8604,1
0.858163,1393.8123,1
0.858163,1509.6530,1
0.858163,1635.1214,1
0.858163,1771.0175,1
0.858163,1918.2081,1
0.858163,2077.6318,1
0.858163,2250.3052,1
0.858163,2437.3297,1
0.858163,2639.8980,1
0.858163,2859.3018,1
0.858163,3096.9405,1
0.858163,3354.3295,1
0.858163,3633.1102,1
0.858163,3935.0607,1
0.858163,4262.1064,1
0.858163,4616.3332,1
0.858163,5000.0000,1
0.876531,100.0000,1
0.876531,108.3111,1
0.876531,117.3129,1
0.876531,127.0628,1
0.876531,137.6231,1
0.876531,149.0611,1
0.876531,161.4497,1
0.876531,174.8679,1
0.876531,189.4013,1
0.876531,205.1425,1
0.876531,222.1921,1
0.876531,240.6586,1
0.876531,260.6599,1
0.876531,282.3236,1
0.876531,305.7877,1
0.876531,331.2019,1
0.876531,358.7284,1
0.876531,388.5425,1
0.876531,420.8346,1
0.876531,455.8105,1
0.876531,493.6932,1
0.876531,534.7244,1
0.876531,579.1657,1
0.876531,627.3006,1
0.876531,679.4360,1
0.876531,735.9045,1
0.876531,797.0660,1
0.876531,863.3107,1
0.876531,935.0611,1
0.876531,1012.7747,1
0.876531,1096.9472,1
0.876531,1188.1153,1
0.876531,1286.8604,1
0.876531,1393.8123,1
0.876531,1509.6530,1
0.876531,1635.1214,1
0.876531,1771.0175,1
0.876531,1918.2081,1
0.876531,2077.6318,1
0.876531,2250.3052,1
0.876531,2437.3297,1
0.876531,2639.8980,1
0.876531,2859.3018,1
0.876531,3096.9405,1
0.876531,3354.3295,1
0.876531,3633.1102,1
0.876531,3935.0607,1
0.876531,4262.1064,1
0.876531,4616.3332,1
0.876531,5000.0000,1
0.894898,100.0000,1
0.894898,108.3111,1
0.894898,117.3129,1
0.894898,127.0628,1
0.894898,137.6231,1
0.894898,149.0611,1
0.894898,161.4497,1
0.894898,174.8679,1
0.894898,189.4013,1
0.894898,205.1425,1
0.894898,222.1921,1
0.894898,240.6586,1
0.894898,260.6599,1
0.894898,282.3236,1
0.894898,305.7877,1
0.894898,331.2019,1
0.894898,358.7284,1
0.894898,388.5425,1
0.894898,420.8346,1
0.894898,455.8105,1
0.894898,493.6932,1
0.894898,534.7244,1
0.894898,579.1657,1
0.894898,627.3006,1
0.894898,679.4360,1
0.894898,735.9045,1
0.894898,797.0660,1
0.894898,863.3107,1
0.894898,935.0611,1
0.894898,1012.7747,1
0.894898,1096.9472,1
0.894898,1188.1153,1
0.894898,1286.8604,1
0.894898,1393.8123,1
0.894898,1509.6530,1
0.894898,1635.1214,1
0.894898,1771.0175,1
0.894898,1918.2081,1
0.894898,2077.6318,1
0.894898,2250.3052,1
0.894898,2437.3297,1
0.894898,2639.8980,1
0.894898,2859.3018,1
0.894898,3096.9405,1
0.894898,3354.3295,1
0.894898,3633.1102,1
0.894898,3935.0607,1
0.894898,4262.1064,1
0.894898,4616.3332,1
0.894898,5000.0000,1
0.913265,100.0000,1
0.913265,108.3111,1
0.913265,117.3129,1
0.913265,127.0628,1
0.913265,137.6231,1
0.913265,149.0611,1
0.913265,161.4497,1
0.913265,174.8679,1
0.913265,189.4013,1
0.913265,205.1425,1
0.913265,222.1921,1
0.913265,240.6586,1
0.913265,260.6599,1
0.913265,282.3236,1
0.913265,305.7877,1
0.913265,331.2019,1
0.913265,358.7284,1
0.913265,388.5425,1
0.913265,420.8346,1
0.913265,455.8105,1
0.913265,493.6932,1
0.913265,534.7244,1
0.913265,579.1657,1
0.913265,627.3006,1
0.913265,679.4360,1
0.913265,735.9045,1
0.913265,797.0660,1
0.913265,863.3107,1
0.913265,935.0611,1
0.913265,1012.7747,1
0.913265,1096.9472,1
0.913265,1188.1153,1
0.913265,1286.8604,1
0.913265,1393.8123,1
0.913265,1509.6530,1
0.913265,1635.1214,1
0.913265,1771.0175,1
0.913265,1918.2081,1
0.913265,2077.6318,1
0.913265,2250.3052,1
0.913265,2437.3297,1
0.913265,2639.8980,1
0.913265,2859.3018,1
0.913265,3096.9405,1
0.913265,3354.3295,1
0.913265,3633.1102,1
0.913265,3935.0607,1
0.913265,4262.1064,1
0.913265,4616.3332,1
0.913265,5000.0000,1
0.931633,100.0000,1
0.931633,108.3111,1
0.931633,117.3129,1
0.931633,127.0628,1
0.931633,137.6231,1
0.931633,149.0611,1
0.931633,161.4497,1
0.931633,174.8679,1
0.931633,189.4013,1
0.931633,205.1425,1
0.931633,222.1921,1
0.931633,240.6586,1
0.931633,260.6599,1
0.931633,282.3236,1
0.931633,305.7877,1
0.931633,331.2019,1
0.931633,358.7284,1
0.931633,388.5425,1
0.931633,420.8346,1
0.931633,455.8105,1
0.931633,493.6932,1
0.931633,534.7244,1
0.931633,579.1657,1
0.931633,627.3006,1
0.931633,679.4360,1
0.931633,735.9045,1
0.931633,797.0660,1
0.931633,863.3107,1
0.931633,935.0611,1
0.931633,1012.7747,1
0.931633,1096.9472,1
0.931633,1188.1153,1
0.931633,1286.8604,1
0.931633,1393.8123,1
0.931633,1509.6530,1
0.931633,1635.1214,1
0.931633,1771.0175,1
0.931633,1918.2081,1
0.931633,2077.6318,1
0.931633,2250.3052,1
0.931633,2437.3297,1
0.931633,2639.8980,1
0.931633,2859.3018,1
0.931633,3096.9405,1
0.931633,3354.3295,1
0.931633,3633.1102,1
0.931633,3935.0607,1
0.931633,4262.1064,1
0.931633,4616.3332,1
0.931633,5000.0000,1
0.950000,100.0000,1
0.950000,108.3111,1
0.950000,117.3129,1
0.950000,127.0628,1
0.950000,137.6231,1
0.950000,149.0611,1
0.950000,161.4497,1
0.950000,174.8679,1
0.950000,189.4013,1
0.950000,205.1425,1
0.950000,222.1921,1
0.950000,240.6586,1
0.950000,260.6599,1
0.950000,282.3236,1
0.950000,305.7877,1
0.950000,331.2019,1
0.950000,358.7284,1
0.950000,388.5425,1
0.950000,420.8346,1
0.950000,455.8105,1
0.950000,493.6932,1
0.950000,534.7244,1
0.950000,579.1657,1
0.950000,627.3006,1
0.950000,679.4360,1
0.950000,735.9045,1
0.950000,797.0660,1
0.950000,863.3107,1
0.950000,935.0611,1
0.950000,1012.7747,1
0.950000,1096.9472,1
0.950000,1188.1153,1
0.950000,1286.8604,1
0.950000,1393.8123,1
0.950000,1509.6530,1
0.950000,1635.1214,1
0.950000,1771.0175,1
0.950000,1918.2081,1
0.950000,2077.6318,1
0.950000,2250.3052,1
0.950000,2437.3297,1
0.950000,2639.8980,1
0.950000,2859.3018,1
0.950000,3096.9405,1
0.950000,3354.3295,1
0.950000,3633.1102,1
0.950000,3935.0607,1
0.950000,4262.1064,1
0.950000,4616.3332,1
0.950000,5000.0000,1
