time_s,Va_pu,Vb_pu,Vc_pu,Ia_pu,Ib_pu,Ic_pu
5.98,-0.006187029522342052,-0.8671990692946501,0.8716508068131558,0.003274172463446896,-0.9042171793216854,0.8926000231585779
5.9801,0.03211813431442444,-0.8844711940028935,0.8467729371219856,0.03025785666646275,-0.8826931843649055,0.8513729588260069
5.9802,0.05675014885333721,-0.8983008165436546,0.8349011038879688,0.08870396636092946,-0.9133069625912358,0.852625572624427
5.9803,0.09788776526065186,-0.9039912281767928,0.8170825721912199,0.1096066625967424,-0.9368893866782698,0.8340564679869252
5.9803999999999995,0.1169161187369169,-0.9152041687561376,0.7964247024570565,0.1335933659273338,-0.9366831306531093,0.7845975690197016
5.980499999999999,0.16080807404902428,-0.9345234771370039,0.7753052993179167,0.17398345337182697,-0.9484195999625428,0.8064696005653172
5.980599999999999,0.18357896272923643,-0.9371216046313581,0.7517579080965905,0.22430770839160608,-0.9579463550831593,0.7666075670062055
5.980699999999999,0.21109532456464702,-0.9633649711901039,0.7313921407737359,0.21376776484060941,-0.9684707635994202,0.7707852817689722
5.980799999999999,0.2557005766911237,-0.9657504264388251,0.7129302157613006,0.24294309520615992,-0.9578568600938898,0.7397655354718303
5.980899999999998,0.2728307191401895,-0.976296971688049,0.6949606845401709,0.2785034015689397,-1.0139260740127638,0.6953227083391101
5.980999999999998,0.3173661565302789,-0.9766064654340023,0.6721162310227876,0.29948036689404167,-0.9988674323610235,0.6849277136030943
5.981099999999998,0.33764386367970783,-0.9803337133030657,0.6398819542290013,0.3637195482278096,-0.9979336812118129,0.6845530235031878
5.981199999999998,0.37295257792921904,-0.9897173972228992,0.6182929006233292,0.37620106785145596,-1.0197802931740945,0.6068843376843007
5.981299999999997,0.4019525608888044,-0.9917012097641762,0.596769216442994,0.3916017716229092,-1.008272801322569,0.5861439734829605
5.981399999999997,0.43110748124426196,-0.9981960890925566,0.5701669135785552,0.4366851808654357,-1.0243525293017315,0.5802669931636993
5.981499999999997,0.45583410903398236,-1.0032784503883558,0.5409132849634466,0.4447497403838256,-1.0395254684130542,0.5453711740678024
5.981599999999997,0.47758197870575486,-0.9928781942351765,0.5123912943141472,0.5006514333575822,-1.0181876172191466,0.516221027998798
5.9816999999999965,0.5033550653850412,-0.9950442548569706,0.49864224285844794,0.530340997084417,-1.0288770344372486,0.4955988749257318
5.981799999999996,0.5330251422193207,-0.9950427259347319,0.4597064544151125,0.5411665591635806,-1.0363558595451743,0.4682266082091674
5.981899999999996,0.5616448761175188,-0.99584296585528,0.4316744624765058,0.5775339710752394,-1.0338934726865188,0.449238070623143
5.981999999999996,0.5946313194118681,-0.9905723681393988,0.40962497420048155,0.5980144889725851,-1.0095920546025217,0.42557053020767066
5.9820999999999955,0.6178392628351204,-0.9883639181103248,0.36913541241336223,0.6154876460169353,-1.0193237114136953,0.37679771849835103
5.982199999999995,0.6408704563323717,-0.9917485485188056,0.35720180326181555,0.6616529628019842,-0.9962187876529237,0.3536445420305003
5.982299999999995,0.663886497261371,-0.9758226833477914,0.3166194060794055,0.6757930305701093,-0.9839225433407833,0.32511535502705463
5.982399999999995,0.6853145259766982,-0.9693201737311354,0.29494396682255525,0.7064075137271796,-1.00262702337272,0.29197104633238435
5.982499999999995,0.7089090137126726,-0.962655193871337,0.2580799066635279,0.7159406353223465,-0.9917470865894232,0.2664922073866672
5.982599999999994,0.7300533945174996,-0.9594973242058501,0.22638873432094683,0.7347168874075292,-0.9609129181937494,0.2407162103899987
5.982699999999994,0.7529690106478953,-0.9461752262457062,0.20894590068285512,0.7588385209053059,-0.9746904590729235,0.19510285200040484
5.982799999999994,0.7715437361649327,-0.937826873671243,0.1703349916145445,0.7914676270677369,-0.9657221462106792,0.16351538952581335
5.982899999999994,0.7936200640758149,-0.9194802663723345,0.13578094987827968,0.8066708130215596,-0.9321101503106013,0.13452914409162847
5.982999999999993,0.8066761303958695,-0.9036607151475972,0.1038403552735461,0.8324328265885685,-0.9380574626382768,0.10150637134006894
5.983099999999993,0.826704844019172,-0.9005506355044935,0.07698915179250312,0.850515365604836,-0.927850472681276,0.09873880736158787
5.983199999999993,0.8562360855097463,-0.8850352581352946,0.03941351007098927,0.8631818634916428,-0.9127330259832879,0.045963773205809424
5.983299999999993,0.857713037322999,-0.8690654741263127,0.00889571556046201,0.8720266423583176,-0.9039755859205715,-0.007990046518059072
5.9833999999999925,0.879795627521509,-0.8574812129134409,-0.027403656734706728,0.8830572315966259,-0.8706562100725286,-0.034153404522881486
5.983499999999992,0.8838844497676978,-0.8367714015217796,-0.05092600862834668,0.9055235264354065,-0.8536949962313998,-0.07478876598249541
5.983599999999992,0.9020848883021091,-0.8222431015255057,-0.07378761416873131,0.9196480274351603,-0.8283965481543695,-0.09391670504671977
5.983699999999992,0.9199404445599473,-0.808788453391893,-0.12164783005177793,0.9523925402227491,-0.8289736200166549,-0.11915597522154613
5.983799999999992,0.9214005881997178,-0.7810449432987758,-0.14314956197804596,0.9515353419767034,-0.8004935583467845,-0.1394427948768446
5.983899999999991,0.9416121575264453,-0.7609961359634435,-0.16999776675968414,0.9631526067119467,-0.7775566039613048,-0.17231550842931057
5.983999999999991,0.9490033339070617,-0.7429039913869723,-0.21586463673322107,0.9682565455484645,-0.7655636934754052,-0.18856360692176352
5.984099999999991,0.957427219548007,-0.7176579199141159,-0.2303026527220178,0.9713447797146345,-0.7388913545545779,-0.24579848641396326
5.984199999999991,0.9685817007236607,-0.6999897815989714,-0.27419312153201436,0.9768818834719962,-0.7194569716391209,-0.27846359975517887
5.98429999999999,0.9701512551073959,-0.6811057338703888,-0.29875742629586255,1.009048323673526,-0.6906554830692885,-0.3070865194254273
5.98439999999999,0.9828927776821835,-0.6561278228122089,-0.3291555987653186,1.0058968892615323,-0.6690045227305276,-0.34079337454214226
5.98449999999999,0.9957613863110907,-0.6263644410908391,-0.35034088918022993,1.014692635188217,-0.6349095229298819,-0.3838354669959001
5.98459999999999,0.9916630253216793,-0.6055717076369004,-0.387220523819957,1.0162969406194584,-0.6107811602414432,-0.4032855483656071
5.9846999999999895,0.997024576777681,-0.5872694254728007,-0.4171929545450373,1.0095944399082617,-0.5852094774883095,-0.42315458015196233
5.984799999999989,0.9953364444277907,-0.5587604663639278,-0.44170058068544904,1.0339452998078955,-0.5731924725453413,-0.4538626388530343
5.984899999999989,1.005053159991674,-0.5310910347285182,-0.47417511240997545,1.006869503702057,-0.5322101876673575,-0.48253814643188847
5.984999999999989,1.0064211589486107,-0.49470469982633936,-0.5085039476122952,1.0098607781479267,-0.513883669624986,-0.51710817265719
5.9850999999999885,0.9979179875720681,-0.4666783653927787,-0.518642984558584,1.0450285416284089,-0.49770222963483385,-0.5342831832750728
5.985199999999988,0.9948594521213929,-0.4430437985605268,-0.5504691808287411,1.0260898653252277,-0.466135550381375,-0.5439472617714437
5.985299999999988,0.9868168406615493,-0.4126714971407146,-0.5765566472696774,1.0166881215667016,-0.4367014823728369,-0.5924373215888816
5.985399999999988,0.9849070616033561,-0.393633676433322,-0.6020820401754504,1.0202944460751309,-0.38262859389885145,-0.619235874647872
5.985499999999988,0.9790765046223431,-0.355737313920454,-0.628457475222272,1.018388988758177,-0.36889714448063454,-0.6396759242724128
5.985599999999987,0.9887217849079825,-0.33797595918228945,-0.650639520094705,1.0082957850764895,-0.33927370644027965,-0.6688020415858238
5.985699999999987,0.9772531689321342,-0.298015443356734,-0.6750717902567928,1.0139810569190308,-0.3055099031748025,-0.6808234878682013
5.985799999999987,0.9642819227779688,-0.26859665779043657,-0.6988425564564263,1.0002199983002558,-0.26392658994819745,-0.6929550051611657
5.985899999999987,0.9606107937511029,-0.24500603392504153,-0.7243444444755243,0.9767736515050337,-0.23900724458901149,-0.7296391543638499
5.985999999999986,0.9491909780641166,-0.21061714758691827,-0.7384814937589009,0.9699406428335111,-0.21172126817088022,-0.7496433464107116
5.986099999999986,0.9356382578510897,-0.1730414829560691,-0.7671674256712903,0.9499192998711976,-0.19198615305764694,-0.764735723295375
5.986199999999986,0.9288823365256484,-0.14740269123191313,-0.7882159111977752,0.9588850452211818,-0.14385550495470623,-0.808828354326837
5.986299999999986,0.9152613908827717,-0.11283108922803382,-0.8024354059646059,0.9451611938605885,-0.1369051930614747,-0.8160283177038581
5.9863999999999855,0.9020003318356695,-0.0912078197554373,-0.8238010352210775,0.931155736814178,-0.07837793275765001,-0.8475325352310685
5.986499999999985,0.8956938528130108,-0.052330212470973,-0.8433469306492201,0.9020099812332598,-0.06821476209945702,-0.8714512958173443
5.986599999999985,0.8787520217685859,-0.024139067591806566,-0.8598856906865268,0.9137919507288117,-0.012678567719600485,-0.8869223271418588
5.986699999999985,0.854722770322765,0.0087072909939363,-0.8713716981808269,0.8691029988314474,0.004253457728217652,-0.8980314874521798
5.986799999999985,0.8413540436091653,0.04047113690247995,-0.8866047322210471,0.8701946280979242,0.05286056024604645,-0.9030215676340452
5.986899999999984,0.8295907672583936,0.07248220014316432,-0.9041405154521873,0.8296519427427034,0.07508729015215908,-0.9007048389149134
5.986999999999984,0.8058402879934371,0.09991203200518241,-0.9156527585071192,0.8211198705529759,0.09666357368796473,-0.9411808951424504
5.987099999999984,0.7867176137267726,0.13424811293293978,-0.9287403737328779,0.8036932621947555,0.12825575960979219,-0.9366874900572517
5.987199999999984,0.7671008479210493,0.16757383467579393,-0.9346708958994232,0.793447679503054,0.16955084576980547,-0.9685209377426864
5.987299999999983,0.749217101041639,0.20704903334114122,-0.9534023392226467,0.7805916174041599,0.2089874541944072,-0.9665513392696111
5.987399999999983,0.7300335960877072,0.2220633897989037,-0.9580292823213815,0.746766124179896,0.23044725178820885,-0.9777007696550465
5.987499999999983,0.7115200332443845,0.26503138536999127,-0.9680094219245686,0.7320430066073608,0.2776506630500027,-0.9875919341776539
5.987599999999983,0.6868236659527596,0.28491436570481476,-0.9775449323070386,0.6971805156406133,0.28482304036187295,-0.9956423479460561
5.9876999999999825,0.6577769738772489,0.31654929778687146,-0.9800520436955411,0.6789952127053692,0.33483631955120025,-1.0116684953066444
5.987799999999982,0.6378295501443092,0.34494253525130764,-0.9836841419125666,0.6598666367870204,0.34277992312143246,-1.0087104937256322
5.987899999999982,0.6143662782252618,0.38178810070926067,-0.99364670726215,0.6129792474211071,0.3851176758516347,-1.018933523113622
5.987999999999982,0.5926641904889731,0.4085498102613329,-0.9958690264253249,0.5874056367038822,0.4231207108562116,-1.016366958482974
5.9880999999999815,0.5583775614212872,0.43666424095951506,-0.9958282741980827,0.5694142055027756,0.46018172586313666,-1.0222604644166857
5.988199999999981,0.5366754227182929,0.4691535749014025,-1.000501842813096,0.559040195447267,0.47097993970633895,-1.016018822687667
5.988299999999981,0.5062131383117918,0.492849941501234,-1.00212233941176,0.5253718198058159,0.5077567284469836,-1.0244687324948007
5.988399999999981,0.4819196093205691,0.5266574493328412,-1.0042246363198495,0.4933967949035693,0.5298264364113701,-1.020463716537951
5.988499999999981,0.45277404472235255,0.5476528748404714,-0.995389947648084,0.4708224846062853,0.5673384131693484,-1.0398351028076218
5.98859999999998,0.4303835679962727,0.5701046060117096,-0.9956207892572279,0.423053328706323,0.5809039589997315,-1.03180495328892
5.98869999999998,0.3956487229556917,0.6026516797737153,-0.9922013591275228,0.4063512880734072,0.6077204048895761,-1.0201642333908276
5.98879999999998,0.3743501603432063,0.62370233126646,-0.993038169354797,0.37624332115567627,0.6377995548116935,-1.0308465746186106
5.98889999999998,0.3361286155887621,0.6482039683628753,-0.9815865138988298,0.34484838233001414,0.6616432427079153,-1.0176277375334024
5.9889999999999795,0.3104807682241142,0.6714182647024411,-0.9797873126167181,0.32194817454149843,0.6891888655249749,-0.9987662973833592
5.989099999999979,0.28044683669670434,0.6891864501528611,-0.9675937193167876,0.27194450689527555,0.7307818712680464,-0.9955059377316392
5.989199999999979,0.24996089630148488,0.7163358455787003,-0.9592301453807319,0.2626531309329936,0.7285029242952188,-0.9974142273007369
5.989299999999979,0.22309725232117308,0.7359818582951116,-0.9454760422798795,0.2105408360223609,0.7623413398146796,-0.9746223350141957
5.9893999999999785,0.1928603023934669,0.7548838857815583,-0.9412003566008739,0.21865378527178259,0.7737606534940386,-0.9602928402599712
5.989499999999978,0.15821121573204952,0.78223337410386,-0.9299964498047042,0.15301348639300044,0.812619509347319,-0.9504694626576642
5.989599999999978,0.12556665533185615,0.8024473724539809,-0.9173229611864505,0.13095962591165652,0.7840445426279282,-0.9465203879358028
5.989699999999978,0.0913328944322405,0.8135279491253167,-0.9011900495332561,0.0867317753351508,0.8364140616655046,-0.9254548201403575
5.989799999999978,0.06717956705249464,0.8279660936873732,-0.8980723485622114,0.06493700012035755,0.8457980234960694,-0.9096253909189028
5.989899999999977,0.03278486849589667,0.8428054718046575,-0.8769905474291466,0.01198562296189416,0.8554728931679342,-0.8949394576604286
5.989999999999977,-0.0006362111283838648,0.8634374105321917,-0.8610514734818111,-0.0028640689434967052,0.8971204411995507,-0.889117244162498
5.990099999999977,-0.031837949516748926,0.8841892776472613,-0.8534913572866257,-0.02093634556264047,0.9076053052960245,-0.8814230957923594
5.990199999999977,-0.06282122517283956,0.8979461177526485,-0.8344656974899183,-0.053660907031975985,0.9229729164834848,-0.8398382732277002
5.990299999999976,-0.08882268127883763,0.9044699881326096,-0.8170851338092757,-0.10505623555918311,0.9457523056375607,-0.8687964472812868
5.990399999999976,-0.12396686557010526,0.9224638619619956,-0.7990211336737282,-0.12594811816800497,0.9351871476664451,-0.8193060520242459
5.990499999999976,-0.15117246339713358,0.9310912646281692,-0.7816049591172854,-0.15487562864605478,0.9443783550772253,-0.7962094004466862
5.990599999999976,-0.18952550516528288,0.9426206030072396,-0.7574214531517393,-0.17734201381707843,0.9646146536840311,-0.776846892271748
5.9906999999999755,-0.21481764752711693,0.9522771190203653,-0.7368663203166739,-0.21678890983066684,0.9746180134652409,-0.7663553720366304
5.990799999999975,-0.25080182026670067,0.9574713080063884,-0.7124240027978891,-0.2552566920338983,0.9851124513509844,-0.7392012324332449
5.990899999999975,-0.27898765537890846,0.9675982435376852,-0.6897784365313507,-0.28211407726263504,0.9889709647703767,-0.7111003119496263
5.990999999999975,-0.3132893263011898,0.9734556389157263,-0.6674867055878848,-0.31645472378652784,1.0070454917646612,-0.6979420271536146
5.991099999999975,-0.34097579173032416,0.9858221752677683,-0.6463060746258129,-0.3413930048468474,0.9997541581814567,-0.6666925908865454
5.991199999999974,-0.37450282837585286,0.9845448514591931,-0.6229062028236924,-0.39074205900046644,1.020375561257876,-0.6428854937230704
5.991299999999974,-0.39613481088252267,0.9947761679093856,-0.5994197099614882,-0.40889217191597016,0.9986718770430331,-0.5958474063368236
5.991399999999974,-0.43343589685047745,0.9874033668878731,-0.5669887321514687,-0.43650190919250637,1.0159838772269392,-0.5888417096010119
5.991499999999974,-0.44653228466644596,0.9998924259096881,-0.5407256181618292,-0.4644054830569244,1.0299264867815388,-0.5476103037493611
5.991599999999973,-0.48367449770982607,0.9972027555309586,-0.521252357216618,-0.49283117997121006,1.029731569955468,-0.5351040159868302
5.991699999999973,-0.5065210967953844,1.0014374291284835,-0.4912258631502592,-0.5246423571928226,1.0115454165021505,-0.4892058478045297
5.991799999999973,-0.536943986157329,0.9950060944946254,-0.46603472389993167,-0.5444071172398857,1.0005389238981608,-0.4823392329619915
5.991899999999973,-0.5651048956870183,0.996128896662917,-0.44516290972769207,-0.5761253577965356,1.0058049643925433,-0.4617317587748762
5.9919999999999725,-0.5895379914738894,0.992700830277671,-0.406239912850699,-0.6029479668095655,1.0095282071660314,-0.42096988938407487
5.992099999999972,-0.6147892484694819,0.9864020811754054,-0.376672994662041,-0.6210265977158379,1.0058251354815106,-0.3957937973353193
5.992199999999972,-0.6375762210597881,0.9848435261051254,-0.34905283869336223,-0.6573684646504145,1.0008177794352078,-0.3537403389769497
5.992299999999972,-0.6677222019987102,0.977103829289145,-0.3202663023779479,-0.6927159605853592,0.9903381967862636,-0.32114942070202446
5.9923999999999715,-0.6844989809086048,0.9688978474851662,-0.2914525124311366,-0.6863687175790567,0.9905985580745441,-0.30408469417987655
5.992499999999971,-0.7145992558484571,0.9603310453832412,-0.2560680456817208,-0.7257982056229028,0.9761539631009062,-0.2685663069370415
5.992599999999971,-0.7313484846858543,0.953405298002968,-0.23346722627425717,-0.740436976949528,0.9969181308696068,-0.2252027370164364
5.992699999999971,-0.7510257499428616,0.9529179029308092,-0.19131055835647606,-0.7685343569444197,0.9700343254790017,-0.21037345500984883
5.992799999999971,-0.7661757001553102,0.9371742399298016,-0.16660965934493682,-0.7806777375224649,0.9665136522740704,-0.15634962130286326
5.99289999999997,-0.7944350576935013,0.9249477115610929,-0.13453792086744634,-0.8096389467562219,0.9514135357497872,-0.143687834044931
5.99299999999997,-0.8039033690710328,0.9080093896519316,-0.10378986459199377,-0.8281558115056545,0.928462290183063,-0.10110007709950546
5.99309999999997,-0.8284938885365232,0.9056196030037714,-0.07243346988287303,-0.8609942636050864,0.9175127130601359,-0.09057257231299841
5.99319999999997,-0.8491893361714247,0.8929866141011432,-0.04695576218118775,-0.8850940920009129,0.9061254766612731,-0.03781660370780646
5.993299999999969,-0.8586587153406814,0.8788880930958133,-0.018808842898645477,-0.8649922124564116,0.8994819857885271,0.0029990690384297664
5.993399999999969,-0.879680507588411,0.8509534914529129,0.01803886595795439,-0.9015235510737077,0.863607549178383,0.02539136406165522
5.993499999999969,-0.8885626414281469,0.8387262597889505,0.05425149658446656,-0.8922236131298621,0.8471909482160107,0.03807466669816778
5.993599999999969,-0.9015635216564203,0.8195390917215011,0.0825778081959215,-0.9240591983996449,0.8342021643529904,0.07667099010079496
5.9936999999999685,-0.9146233270565707,0.8007088469652106,0.11674773267572003,-0.9348227666801678,0.8172234690911674,0.11841390297732049
5.993799999999968,-0.9290474403715606,0.7824741779996232,0.14773388867557974,-0.9616592088070434,0.799235080619916,0.14704261100014676
5.993899999999968,-0.9443879039698304,0.7679272781994259,0.1780326067578448,-0.9808680170316812,0.7903894119661169,0.18060211351119157
5.993999999999968,-0.9564106835509208,0.7410319892623458,0.2077988559020998,-0.9675698851173596,0.7655672467162752,0.19507494344104634
5.994099999999968,-0.9560442557791671,0.7199946166381263,0.24246955987709834,-0.9671037574491456,0.7553565274888271,0.23492090308985764
5.994199999999967,-0.9604445803524543,0.6985172833034338,0.2711173475526056,-0.9880138441442796,0.7181590710766609,0.26763804896149995
5.994299999999967,-0.9722620335082455,0.6795083213439326,0.29799620686167094,-0.9810983202281254,0.6953601255973368,0.29478240042100257
5.994399999999967,-0.9805495146610065,0.6573043831709889,0.3299263920077104,-1.0094159885809562,0.6595642137590296,0.3368946655471047
5.994499999999967,-0.9756097329674082,0.6340619296179242,0.3594109540339345,-1.0206945025886627,0.6523179231906417,0.3681879158070731
5.994599999999966,-0.9945613825360586,0.6044199298881096,0.3852184632710508,-1.0433646068248157,0.6166908941784155,0.3895111211849553
5.994699999999966,-0.9988643787903945,0.5747602511005506,0.42049027132850325,-1.0195535270704683,0.5912522636931163,0.42612416912205126
5.994799999999966,-0.9938810778870507,0.5471780829228269,0.45024489818701746,-1.019546981362065,0.5605484179550584,0.45874149199692893
5.994899999999966,-0.9983990068474352,0.5225068150989823,0.4782618096268838,-1.0107073316726902,0.5411655296975844,0.47539843924275804
5.9949999999999655,-0.9986311929136231,0.5025620074380956,0.5007506403140296,-1.0166755987029803,0.5248947425554463,0.4922539824148995
5.995099999999965,-1.0021258469493246,0.4670971374924918,0.5277610279144509,-1.003564766182385,0.4957882236547388,0.5468705147554058
5.995199999999965,-0.9995130000832573,0.4428013169054605,0.5532906241380008,-1.0246471843284817,0.468892639864781,0.5914579374140384
5.995299999999965,-0.987381124542384,0.4211243710908691,0.5810198714559902,-1.0189594548324308,0.43295271108756284,0.6010193059756601
5.9953999999999645,-0.9840053128258122,0.3913008968154422,0.6018855623592894,-1.0252768460278692,0.3889757706873717,0.616256640019831
5.995499999999964,-0.9901196609939759,0.3584426758107059,0.6246570936187843,-0.997030618000594,0.3605384077392313,0.6378166294664471
5.995599999999964,-0.9831577844333516,0.3301465708853292,0.6537643918655376,-1.0024064529083854,0.3356552694759969,0.6454377469352446
5.995699999999964,-0.9787414827540787,0.30271657087332643,0.6779909830837084,-0.9878692341813613,0.28671940281154296,0.6929727015286327
5.995799999999964,-0.9598643975679542,0.27078487385740435,0.7074417245262699,-0.9773018253634468,0.2706531189597588,0.7294218050163315
5.995899999999963,-0.9628153426446244,0.23669028238035555,0.7251611220341763,-0.9919512216529367,0.23170361487839825,0.7159219869448622
5.995999999999963,-0.9500421437932886,0.20574310126382314,0.7421497837956712,-0.9663301398358579,0.22248664601897694,0.7801349957163701
5.996099999999963,-0.9446228964159549,0.17654606342440846,0.7662268098988981,-0.948272008114946,0.19312520457759685,0.7989678480751683
5.996199999999963,-0.9232750519928007,0.14622588363642544,0.7857565787048512,-0.9412412567236214,0.13960233334774919,0.8055910673825298
5.996299999999962,-0.9161361137973955,0.11805301479119512,0.8015693166227784,-0.9336915044364826,0.10646533572942438,0.8357415462207327
5.996399999999962,-0.895931303120695,0.08245916748909847,0.8179210072175296,-0.9159354045549294,0.07320562599797535,0.838529756737487
5.996499999999962,-0.8939008055523021,0.049835223755501035,0.8426036617944249,-0.9043798982264937,0.06373619975194045,0.8652509388305536
5.996599999999962,-0.8692046217949695,0.019565688861181554,0.8579467234267115,-0.8911661369777083,0.027135281084576295,0.8873051657819432
5.9966999999999615,-0.8648965820438502,-0.009064294658741808,0.8699951704089439,-0.8827879253963437,-0.006078896339839258,0.8916047421389963
5.996799999999961,-0.8541720262947122,-0.04029621511120976,0.8804375252455167,-0.8665320725637823,-0.04818120622097646,0.9079818525065172
5.996899999999961,-0.8269058792457906,-0.07108801600133442,0.9034890818695624,-0.8342442399898369,-0.08667699313746462,0.9168795555424983
5.996999999999961,-0.8062830245014146,-0.10304362578481818,0.9142120585754034,-0.8200179683609152,-0.11859999094433725,0.9227160322402105
5.997099999999961,-0.7903448301146799,-0.1402352281320998,0.9311233251489535,-0.7870581358756336,-0.14699419055008567,0.9483136464447279
5.99719999999996,-0.7703824280431416,-0.16691109839948703,0.928919119703585,-0.7884332733545882,-0.17492537692814714,0.9770881104513152
5.99729999999996,-0.7514063499141085,-0.19928252829461426,0.9516010957982338,-0.7804176754260712,-0.19123897685445548,0.9610360254576716
5.99739999999996,-0.7324006222351459,-0.23077057821713853,0.9608811435335066,-0.7378364405878944,-0.23817448714434875,0.9747640841026022
5.99749999999996,-0.7046544447510489,-0.26220527695822327,0.9653717541572131,-0.7299087707666507,-0.2510716523934564,0.9904229988827058
5.997599999999959,-0.6887927915967301,-0.2818293166913616,0.9773236867197114,-0.691464616253741,-0.28801547555361173,0.9879909860538312
5.997699999999959,-0.6597939571075224,-0.32413236243138194,0.9790114637996125,-0.6773172490394702,-0.339103791600592,0.9931185068411936
5.997799999999959,-0.6319105346542278,-0.34897031491814984,0.9813922715441836,-0.6543197287225792,-0.33698667497223056,0.9914389553744325
5.997899999999959,-0.6129150684072708,-0.3837966675064838,0.9848458496687799,-0.6143956004317555,-0.38199621062112044,1.0018054651853279
5.9979999999999585,-0.58713396603894,-0.4092633759608655,0.9935141245125194,-0.6137861559679216,-0.3943740791688119,1.0245329642869625
5.998099999999958,-0.5646748947965742,-0.43656300618375815,1.0012867861360284,-0.5695370226425179,-0.43414059579269465,1.020162257058394
5.998199999999958,-0.5371825516582832,-0.4653173067142944,1.0020930328696898,-0.5533207043139654,-0.4718132685403126,1.0301422181061082
5.998299999999958,-0.5053598951722184,-0.489899213816007,0.9955139415393801,-0.518333258771159,-0.5062289709364673,1.0333560424195494
5.9983999999999575,-0.4784338117263819,-0.5219437867593342,1.0018724466404656,-0.49692608423438434,-0.5259578311812859,1.0172570182326701
5.998499999999957,-0.4584129112344757,-0.5474132336474539,0.9997820625953734,-0.45872558860060364,-0.5569623482896594,1.0271709656429282
5.998599999999957,-0.42682032667668,-0.5693819481238732,0.9964031834601107,-0.4377811353914559,-0.5795124983370321,1.0283201568571658
5.998699999999957,-0.39555626081118905,-0.6060079210921965,0.997775247492123,-0.4152523635358965,-0.6003691453800286,1.0111161358464822
5.998799999999957,-0.3713755038147727,-0.6215893614755167,0.9911634326975589,-0.3739094854016848,-0.6675463199970373,1.0113990876186991
5.998899999999956,-0.33831886259046184,-0.643887095524402,0.98079913666837,-0.3257942975178706,-0.6570218946725549,1.0263981069853825
5.998999999999956,-0.3078268294903832,-0.6740832195716024,0.9836299866082848,-0.31608859299823827,-0.6714798519809267,0.9885233422122837
5.999099999999956,-0.2804447614346273,-0.6857714322254606,0.965470832521159,-0.29212363689178206,-0.7057975714204848,1.008054735255633
5.999199999999956,-0.2537494422010177,-0.7186828487540103,0.962493191763287,-0.2565839047274229,-0.7342574688802797,0.997059692660518
5.9992999999999554,-0.21927585522405704,-0.7422613351256083,0.9594683360091304,-0.22897360366326786,-0.7431790848064604,0.9899184144931276
5.999399999999955,-0.19382474062264762,-0.7558254578330745,0.9432560826926746,-0.18262963460886128,-0.7703169220533429,0.9557840701357944
5.999499999999955,-0.1559527221239659,-0.7838701092929496,0.9352687221918646,-0.15510463150933354,-0.8016340709536994,0.946499477159054
5.999599999999955,-0.12796806950622733,-0.7941086009534065,0.916868568536863,-0.1271058569439242,-0.8091142845532896,0.946428829299941
5.9996999999999545,-0.0963599476421898,-0.8180140617094308,0.9108827800894789,-0.11100181053068142,-0.8098602201833159,0.9366767271796996
5.999799999999954,-0.05876763900695165,-0.8331599976383184,0.897577832880242,-0.05997200951030408,-0.847071012104142,0.9254084370350817
5.999899999999954,-0.029038156295316336,-0.8437687014189932,0.8836390084170963,-0.02295377849350265,-0.8677277278353848,0.8757239718940387
5.999999999999954,0.0004459775796218914,-0.8632210955435129,0.8658626677617112,-0.009425681703403667,-0.8790106945787609,0.8957736289534417
6.000099999999954,0.02654569562220522,-0.8804843694296276,0.8443030358327707,0.008915907724778467,-0.9123423081627346,0.867102862812856
6.000199999999953,0.06966772499930828,-0.8864076577046047,0.8321736456446374,0.06677188532778053,-0.8949748847386666,0.8625552447879969
6.000299999999953,0.09484969939856586,-0.9170364731108638,0.8205964589806567,0.09543505520202275,-0.9190854806718864,0.8200788087136841
6.000399999999953,0.12987311862866632,-0.9241249178016676,0.796918661720985,0.12837825416598955,-0.9319085777173578,0.8050973026689378
6.000499999999953,0.09876656942665003,-0.5935737184218579,0.3741146299973649,0.17734365681310982,-0.949877957869567,0.8130911098574297
6.000599999999952,0.11230234011762301,-0.5973807664592036,0.3626199995316407,0.2237873648985623,-0.9722020367431138,0.7858949338009525
6.000699999999952,0.13770938527564316,-0.6000060164148018,0.3533138064550981,0.23841156963335786,-1.0033289721588796,0.8018873784940123
6.000799999999952,0.15807673602732572,-0.6129503314278079,0.35158188688252584,0.269597921255521,-0.9950532492830391,0.7754982522142981
6.000899999999952,0.17506310761438063,-0.6199028490153533,0.3367013236828756,0.30650123318714084,-1.0282931727351858,0.7597097363792454
6.0009999999999515,0.19350151766652424,-0.6306970568488972,0.33449631028412374,0.3625552042476525,-1.037613923233481,0.757105883492215
6.001099999999951,0.22115085535298878,-0.6363261978413949,0.3228642448700002,0.3982417977475626,-1.054125948695191,0.7248081340928637
6.001199999999951,0.24349563404497507,-0.6442849383845601,0.30903127802741354,0.43634388351736453,-1.0484152371861388,0.697555093582772
6.001299999999951,0.2625546130283811,-0.6433364487470664,0.30605650427174996,0.4606665649905396,-1.0571475321461237,0.7021299772458193
6.0013999999999506,0.28379453166597146,-0.6531026481706752,0.2960337950915366,0.502025635140654,-1.0809097522163662,0.6649884370112552
6.00149999999995,0.30403566491783246,-0.6660125647310104,0.28076699592943927,0.5320425454142408,-1.079060109046779,0.6466197354497923
6.00159999999995,0.32130532310272625,-0.6611284464668508,0.26606370168178517,0.5662132689525202,-1.1040670698801125,0.619894917028005
6.00169999999995,0.34192390875948064,-0.6666210014234986,0.25963893645579367,0.5975643567118434,-1.0855538282820008,0.5903575727702036
6.00179999999995,0.3641115117360492,-0.6681378498801822,0.2554437994489318,0.6138831201326465,-1.1034724939530889,0.56711819683723
6.001899999999949,0.3780874841921464,-0.6644081064757946,0.23103437376267585,0.64736394758643,-1.0815945840162078,0.5371379089675742
6.001999999999949,0.3970312391705333,-0.6739318387522283,0.2197811026639603,0.6765591812578203,-1.1024113611199144,0.5340570528082935
6.002099999999949,0.41970684354470655,-0.6763658147337532,0.20621910200978322,0.7076625899677901,-1.0627051641974485,0.5001678662224776
6.002199999999949,0.4393902140401096,-0.6671855416630134,0.19544516303839182,0.7346303817997059,-1.0871804228465238,0.45716310852860054
6.0022999999999485,0.4472217675690457,-0.6667210466190027,0.1752110636364524,0.775240733791567,-1.0694407205847445,0.4237888638002968
6.002399999999948,0.467205682817664,-0.6646153673960152,0.1568979741830931,0.7851432118166943,-1.0803065329283634,0.3962326710245523
6.002499999999948,0.48901850690847254,-0.667807419134751,0.14174981824852437,0.789252779704463,-1.0507248444353143,0.37087208473640493
6.002599999999948,0.49832103250326554,-0.6569488358832696,0.12467021521260703,0.8115608913443526,-1.066511631914091,0.3173121515764281
6.0026999999999475,0.5188819718780373,-0.6543607378461584,0.11058825146549055,0.8409971559642933,-1.0554940424769341,0.325924088383869
6.002799999999947,0.5340924242425498,-0.6545435646554828,0.09571224402712873,0.8571368017025329,-1.031493835728551,0.2791225978348943
6.002899999999947,0.5402112147945879,-0.6574488208222873,0.0813002379023717,0.8861793079978397,-1.0161891166934816,0.26192073542044186
6.002999999999947,0.5629317377714635,-0.6406952963542653,0.05572577173373633,0.9064357945231012,-1.0202801890770412,0.1917033261164508
6.003099999999947,0.5799219246515388,-0.6339361725644312,0.05032096424190218,0.9189290873023057,-1.004552544598678,0.17865182095405843
6.003199999999946,0.5907039642708782,-0.626430859029069,0.030611806201972548,0.925968481829157,-0.9899602132937941,0.13448972618805663
6.003299999999946,0.6028996596399071,-0.6148792056019675,0.00663803968698382,0.9641415543016665,-0.9642299082603789,0.11809219482485878
6.003399999999946,0.6149027827077687,-0.6061325241494956,-0.01604173092485094,0.9843149016951672,-0.9475065761690851,-0.13061786065272984
6.003499999999946,0.6357235574212878,-0.6065945044715725,-0.03164530988889414,0.9623997879931305,-0.9355669394740678,-0.1537278373776519
6.003599999999945,0.6390550739837388,-0.5908779960274105,-0.05420370193630264,0.9941765472604364,-0.9125693084194187,-0.17823231453697055
6.003699999999945,0.6593309857606866,-0.5772116207443996,-0.0665155335627395,1.0077084081610617,-0.9059880869774458,-0.2242332669909079
6.003799999999945,0.6658199657439696,-0.5745013627428138,-0.09130784588215769,1.004819265433457,-0.8743659356088492,-0.24718517701981157
6.003899999999945,0.6826038728367835,-0.5508393227205957,-0.0971288553404456,1.0332340670012754,-0.8557193550385532,-0.27082317114435805
6.0039999999999445,0.6856890307334074,-0.5403156064116783,-0.12342589374766545,1.0289242018677958,-0.8478243195386608,-0.3130497030390401
6.004099999999944,0.7052615604671961,-0.522887701008577,-0.14093469163881062,1.0487359237497995,-0.8033799998881995,-0.3353735244292371
6.004199999999944,0.7041241924918801,-0.5071778909601381,-0.16700528143869992,1.058160236022224,-0.7906048047143593,-0.360341525318267
6.004299999999944,0.7126799406909953,-0.49495920775616387,-0.18764811615152255,1.0453149041900447,-0.7599593705994948,-0.3886493438828112
6.004399999999944,0.7215201800881199,-0.47332082680573667,-0.20652134720046567,1.050800425497342,-0.7242104346367705,-0.4278818144581647
6.004499999999943,0.7229866951835516,-0.46223008832123397,-0.22649493281620137,1.0479015726629062,-0.6890184082696269,-0.445373220064202
6.004599999999943,0.7346511845261535,-0.44551676172462606,-0.23789233827862197,1.0760044495188523,-0.669909336736041,-0.4751308068245315
6.004699999999943,0.7354929908216848,-0.427322055986918,-0.26338622751400376,1.0935677115347582,-0.6546466913906995,-0.5202714667611619
6.004799999999943,0.7414839458794099,-0.41767594271871555,-0.28102563472014686,1.0865090900759413,-0.6246771032093753,-0.5639763139791533
6.004899999999942,0.7419081535352019,-0.3945868498908109,-0.30248538728817215,1.0822821729231857,-0.6030569730206633,-0.579055584456306
6.004999999999942,0.7442371021225853,-0.3715438502573144,-0.32330910201819957,1.0586337671326127,-0.5670555090114706,-0.5974355882831597
6.005099999999942,0.7503626495200837,-0.3549045308931151,-0.34380980822205615,1.0758972310468407,-0.5534954136052531,-0.6303042767483144
6.005199999999942,0.7504228929790555,-0.33771284604316143,-0.3651576942087715,1.0756039196342064,-0.5136707056017396,-0.630895851686631
6.0052999999999415,0.7522289105217248,-0.3136744561432398,-0.3737966628354802,1.072640720593964,-0.4678915406889101,-0.6663387946539906
6.005399999999941,0.7512941322527243,-0.29336059034060236,-0.39651803148978754,1.058635978728813,-0.4647322802972811,-0.7024130140276819
6.005499999999941,0.744257981291787,-0.27666843412949904,-0.4140692514597675,1.064690950838751,-0.4098308597257858,-0.7275104917876575
6.005599999999941,0.7397769003459933,-0.24718498654794205,-0.43075508686728303,1.057043169472259,-0.39813368928771004,-0.7459921969308555
6.0056999999999405,0.7367684103214832,-0.22272294371530638,-0.44057017289371364,1.0538501292029865,-0.35965716531663816,-0.7569690538412671
6.00579999999994,0.7345982087735964,-0.1997395618462445,-0.4691570569443336,1.0620530307207445,-0.3432608431325486,-0.7790921015356593
6.00589999999994,0.7304799825457059,-0.18296701490682524,-0.48051205281203896,1.0469634164601933,-0.2951547776815232,-0.8095481565939607
6.00599999999994,0.7220587435900093,-0.15608086693256315,-0.5022205935665538,1.0193376951014914,-0.25718018941267673,-0.819334776372953
6.00609999999994,0.7188221938619629,-0.13649224246067446,-0.513018615942165,1.01213168499357,-0.22885323256795914,-0.8440233067208032
6.006199999999939,0.7158836631576708,-0.10540926895651362,-0.5277266192748941,1.0039169776299643,-0.1817969649267395,-0.8744026610521709
6.006299999999939,0.7075260766564172,-0.08362047120590722,-0.5451995064091216,0.9852723947319164,-0.168071446111571,-0.8825871452412817
6.006399999999939,0.6999709815971173,-0.0690454581136259,-0.5579890951863745,0.9618146582127791,-0.1210716637617247,-0.9095618982848256
6.006499999999939,0.6941244713873003,-0.040785196035018234,-0.5708218800940367,0.9327461580497627,-0.09385779214882814,-0.9195835331959886
6.006599999999938,0.6811743389803493,-0.010077080391169634,-0.5857794668018635,0.953540313460751,-0.06160756936644705,-0.9250902912563556
6.006699999999938,0.6761178483412151,0.0067975373223130514,-0.5992220609195312,0.920400245048014,0.050031184321608066,-0.9634234672458535
6.006799999999938,0.6652227552528074,0.03757938606433994,-0.6207266084006119,0.894436639336986,0.0877386501977743,-0.9543741003004164
6.006899999999938,0.6571056888858264,0.059364792129362645,-0.6188399526219508,0.8884095383282574,0.12447131844436538,-0.9895448593382116
6.0069999999999375,0.6385610671804113,0.08020097170252734,-0.6397907281801486,0.8625272183526511,0.1455832487359047,-0.9947866915728716
6.007099999999937,0.6190459201811572,0.11293910395604062,-0.6452178808786606,0.8563367677941358,0.16783054317654514,-0.9884335189585787
6.007199999999937,0.6056683930046846,0.13770678266276873,-0.6582272901573739,0.8370039841644631,0.2082295072620634,-1.0052183960509173
6.007299999999937,0.5920485076972443,0.16072175395634744,-0.6724211303615714,0.8114286554737578,0.2524079048270115,-1.0338343953271636
6.007399999999937,0.581723027161435,0.1804606920565621,-0.6766909460698105,0.774877811802637,0.27825594335838744,-1.0305794078765866
6.007499999999936,0.5659293258585364,0.204775398583137,-0.6817250810839189,0.756073034861495,0.32515410517931653,-1.034753822418613
6.007599999999936,0.5382221638749005,0.23142693710632933,-0.6953486688697486,0.725507112743303,0.3419033455334505,-1.0512875866391396
6.007699999999936,0.5277159346231528,0.25482438137540675,-0.6947471671431904,0.7169772972783403,0.3611519176512238,-1.0509608071688394
6.007799999999936,0.5062361358386518,0.2838267518702426,-0.7076109634136768,0.6937575370885393,0.41048986212097976,-1.0395861604914727
6.007899999999935,0.49187210009475674,0.2999075815035783,-0.7086567709260915,0.6738248247722078,0.43588661512688776,-1.077512158209191
6.007999999999935,0.47332070719574754,0.32297551707822914,-0.7181244624053726,0.6361305822499569,0.4365326998378478,-1.0693728274497356
6.008099999999935,0.4530291901240494,0.3531053406653754,-0.7150607503153391,0.57981957752125,0.47831046384627207,-1.0777523046126256
6.008199999999935,0.4279848049009929,0.3754436617514513,-0.7253094738614043,0.5852160509328037,0.5305802156040439,-1.0658061248119093
6.0082999999999345,0.40930822167235464,0.39421088988889347,-0.7203727253331415,0.5636565559739739,0.5312640966669604,-1.059316966376
6.008399999999934,0.39323044955356107,0.4162296206379333,-0.7243459796862952,0.518394254082726,0.5689187118681044,-1.057891574827552
6.008499999999934,0.36394932808363345,0.44424122864798465,-0.7240122427673715,0.47986804462246013,0.591464838853203,-1.059393627708928
6.008599999999934,0.34605982682145,0.4639339615195933,-0.7258292112719207,0.4753494294244543,0.6263948829998797,-1.0637926715131862
6.0086999999999335,0.3232386269872074,0.48969067671445643,-0.7300799551184133,0.4291893886587742,0.6418915369265739,-1.0589868206542041
6.008799999999933,0.3107087488664814,0.5091315589438615,-0.7283874908687654,0.40423567925845666,0.6551120819965419,-1.0648257920578137
6.008899999999933,0.27686410737492323,0.5302241919343404,-0.7211617573569532,0.3785612643133932,0.6933085010757442,-1.0461060748645301
6.008999999999933,0.24761953167863288,0.5484806740060656,-0.7164118014758567,0.3404994605968654,0.7097970886183939,-1.0335926788580156
6.009099999999933,0.224473558672255,0.5690750463585927,-0.7228753295356789,0.31170131895012343,0.7334050584555359,-1.0452353311819897
6.009199999999932,0.19965951289522987,0.592873568099741,-0.7181044160499382,0.3037486398722087,0.7634513036855411,-1.0279172669568728
6.009299999999932,0.18261996369609623,0.6058593827112119,-0.7183493990620318,0.268144350219612,0.7726748313247684,-1.0275757413429187
6.009399999999932,0.15405330707632706,0.6216810373773852,-0.7102247162275395,0.19830379405040072,0.8072652624953572,-1.009781513344658
6.009499999999932,0.12815121604718532,0.6325087924424971,-0.6992269666786645,0.1673373556728704,0.8128294718919674,-1.007507465487871
6.009599999999931,0.10280852529302013,0.6545305208915646,-0.6902566610628471,0.14863480752201041,0.8444672396910362,-0.9853487620639289
6.009699999999931,0.0825062260185816,0.6773329798926839,-0.6870775254282068,0.12247327000214013,0.8727687387719675,-0.9638818836762911
6.009799999999931,0.05135127416867204,0.6870682973720179,-0.677813151009735,0.09084395184190805,0.889299592323088,-0.9447169289396574
6.009899999999931,0.025318291660195117,0.7080556645989181,-0.6701092610261875,0.05387406199239778,0.8986440564767758,-0.9493322341446923
6.0099999999999305,-0.001550950395670375,0.7141500583294212,-0.6531517664200204,0.028935086046510006,0.9209397966283045,-0.9239617998507557
6.01009999999993,-0.027221529966109714,0.7291272374956174,-0.649427857503144,-0.06688000491428994,0.9284499563464033,-0.8959642406307281
6.01019999999993,-0.05595230740145738,0.7432466896244485,-0.6388324862147274,-0.08361634029612657,0.9332148216709183,-0.8905711125837591
6.01029999999993,-0.07482067736582358,0.7603517196681566,-0.6293665232444788,-0.12614326898275427,0.937648800428026,-0.8748001341371879
6.01039999999993,-0.103304551369644,0.7702259850640434,-0.6141946632929778,-0.14610221640664658,0.9640059641953558,-0.8470737113029315
6.010499999999929,-0.13575036113700306,0.7799153168388012,-0.6063733819336448,-0.17310472568869395,0.9838943641525892,-0.8395912297895414
6.010599999999929,-0.15833114012509106,0.7926261027176356,-0.5811337309280311,-0.22289293661167117,1.0036432078630158,-0.8033571134092187
6.010699999999929,-0.18553781820039267,0.7970772531947816,-0.5646511210837771,-0.24851634011704798,0.9906816926109983,-0.7765046825755234
6.010799999999929,-0.21428298311141053,0.8133838776839598,-0.5562469597095139,-0.28137522006440063,1.0118579942366086,-0.7576855855346112
6.010899999999928,-0.22661640907230418,0.8173343431244591,-0.5449441826967694,-0.2990172933764392,1.0219610285586818,-0.7297552538794725
6.010999999999928,-0.26466638629108447,0.8215898331725981,-0.524596534767898,-0.3409650631486013,1.0221536544227263,-0.7109940356323355
6.011099999999928,-0.29727094055948927,0.8293291462755099,-0.5048462524884956,-0.36122206121586636,1.0300831699436919,-0.7002548540564492
6.011199999999928,-0.3129255083058851,0.8402204512362129,-0.4960445297393159,-0.4046896805994737,1.0242152371371755,-0.6722399154570659
6.0112999999999275,-0.3453082603047519,0.8348514988687308,-0.46926849269394616,-0.4303899321160421,1.031496679968008,-0.6476955986761452
6.011399999999927,-0.3647053916920519,0.8406205388094614,-0.4468325465268612,-0.4582356380548062,1.0336261297723217,-0.6110460383693121
6.011499999999927,-0.38375575490559594,0.8531287870740353,-0.4377430474385498,-0.5007187224355024,1.0414107454653725,-0.5936874717671676
6.011599999999927,-0.4094635420493448,0.8505790025444045,-0.4209251184762352,-0.5123633829432396,1.0536848378256374,-0.5533928739150795
6.0116999999999265,-0.4403753871888244,0.8549063726889928,-0.3879973808535966,-0.5373483707247085,1.0459529401589864,-0.5494382345677543
6.011799999999926,-0.4565151024157105,0.8548170559964364,-0.3728615470527723,-0.565921501011162,1.0384409825155563,-0.5144144220513478
6.011899999999926,-0.4861649657100303,0.8520701316853593,-0.3470003043494314,-0.5962390211732758,1.036802076120021,-0.4846790864372106
6.011999999999926,-0.5067121316639566,0.8535565825992466,-0.32774256630146104,-0.6243946536854961,1.0515241807076878,-0.44534456361301417
6.012099999999926,-0.5230609557183503,0.8571237995439049,-0.29473442035999664,-0.6446467541369341,1.0283829676377025,-0.4306926775785058
6.012199999999925,-0.5507282581626851,0.8566170225733045,-0.27878848557540004,-0.6599651430742954,1.0183489319414993,-0.38005378825295555
6.012299999999925,-0.5635632305335103,0.8528265475937616,-0.259766789807754,-0.6845016915096881,1.025612023723098,-0.3468018880325248
6.012399999999925,-0.5950257558063246,0.8427762545332833,-0.23351349304534194,-0.7079112675603461,1.01231839403387,-0.3259416806987991
6.012499999999925,-0.6099206638990853,0.8334091594569307,-0.21546794563123867,-0.7552606966672164,1.0044939386412175,-0.2884599171261941
6.0125999999999244,-0.6235361294969273,0.834593208324602,-0.18357538122562195,-0.7525581422204712,0.9987430017760269,-0.2512768970195513
6.012699999999924,-0.6506055959828034,0.8179173654249275,-0.15259774953959196,-0.7989142160681533,0.9893310368270943,-0.21303916609092927
6.012799999999924,-0.6724075585847492,0.8154777348673898,-0.1344712045026924,-0.8110561549550396,0.9817549778318522,-0.19477463357738167
6.012899999999924,-0.6899511008870605,0.8044577703592629,-0.10580701874150002,-0.8207813809321777,0.9379126946181872,-0.1648354195409407
6.0129999999999235,-0.7054704962408628,0.8028480498928435,-0.07863113188231106,-0.8252112452325191,0.9505124883405983,-0.12651144388876343
6.013099999999923,-0.7219738748262207,0.7877336463726864,-0.05943950963128371,-0.858827799854795,0.9435736343654185,-0.087432159540292
6.013199999999923,-0.7318560374095353,0.7729468288357045,-0.03473500171087625,-0.8696496831161087,0.9328396201613145,-0.07867698408646417
6.013299999999923,-0.7493535071500913,0.7655426495413681,-0.012536956960065829,-0.8849106495725202,0.8996989926740367,-0.019670929045261652
6.013399999999923,-0.7627284388442565,0.7567632072607666,0.025829647705118863,-0.9203516573960807,0.8887802423320674,0.030186270798612858
6.013499999999922,-0.7735514501519478,0.7327115066402213,0.04009962972915966,-0.914993700815175,0.881427554617805,0.07583287800184708
6.013599999999922,-0.7925488663065205,0.7215439311604794,0.07493168258778181,-0.9138123546276179,0.8622673366260843,0.11128554841657713
6.013699999999922,-0.8043717051279294,0.6971096450775927,0.10067789538866537,-0.9514613741411392,0.8359686338550157,0.1548506778300661
6.013799999999922,-0.8207624008275668,0.6912023496613083,0.11902481047026169,-0.9801425643997983,0.8037071364934839,0.167709585943248
6.013899999999921,-0.8272925927752804,0.6728089036427447,0.14692634695140283,-0.9910075879238988,0.793374992620193,0.19917307727745479
6.013999999999921,-0.8274996319887905,0.6600873461488119,0.17334680613969827,-0.9781918015375802,0.7742581786014602,0.2208154690192401
6.014099999999921,-0.8516395428262925,0.6381633482434842,0.20230188760613002,-0.9765639071315411,0.7661070106279344,0.2563568727568272
6.014199999999921,-0.849388074796886,0.6106050909566031,0.22281304752394337,-1.0052419514196909,0.7326028380031127,0.29497036169973984
6.0142999999999205,-0.8618772354392349,0.610263117568019,0.25146566583866337,-1.0013978356598925,0.708623802905661,0.31514191959442844
6.01439999999992,-0.8736748280382635,0.5807556399583402,0.2806860650045216,-1.0148467191240766,0.6852324150293946,0.3592101332493905
6.01449999999992,-0.8722590276014747,0.5644458784462179,0.3005803830639332,-1.0274765400116104,0.6798712774774572,0.3706898645155651
6.01459999999992,-0.8798408794676434,0.5373614832938567,0.3352772246271843,-1.0292326175493238,0.6076016108311812,0.4146584060216604
6.0146999999999196,-0.8822376323976724,0.5199674746229487,0.3411727896048032,-1.0477663290484265,0.5842885430916794,0.44660123598803125
6.014799999999919,-0.8923919956044328,0.49486821210861354,0.3712741225658311,-1.0211582984219134,0.588366297563346,0.47231681442163465
6.014899999999919,-0.8926643042467383,0.468686444975369,0.4046444432243246,-1.0227682365681918,0.5450667499756229,0.49066081821749136
6.014999999999919,-0.8912345428239585,0.445093048003953,0.4184914274027963,-1.0485470098546963,0.5293629933658743,0.5285504873211214
6.015099999999919,-0.8928932772646471,0.4227864377332035,0.45286433936646514,-1.0370433705700925,0.5045261463720818,0.5469361026616852
6.015199999999918,-0.8944238566289705,0.3959584109983635,0.4620789942998818,-1.0480593643842684,0.45019478677085784,0.5864557549575042
6.015299999999918,-0.8876191683833001,0.3701948008187042,0.4952098776938775,-1.0245174361197897,0.43504867504885875,0.6101416964001735
6.015399999999918,-0.8885307629198986,0.3419165179560315,0.5136964856586042,-1.0097834749497445,0.3993386317327671,0.6144856615839593
6.015499999999918,-0.8830229414649279,0.3167901704086834,0.5336823757552583,-1.0335419681877076,0.3868521720911186,0.6450483281270646
6.0155999999999175,-0.8765313104416433,0.2866171238982543,0.559305740056184,-1.0175009567469313,0.33201135496226125,0.6710499206692416
6.015699999999917,-0.8757018187096207,0.2667103508500811,0.5728954592357558,-1.013727156245337,0.3129067899180251,0.7148853798440247
6.015799999999917,-0.8762128620707594,0.23540621483029633,0.5970797695417127,-1.0072082208312922,0.2891552974104825,0.7194284232858508
6.015899999999917,-0.8667436384770617,0.22052717220528625,0.6162244701159401,-1.0047233622326548,0.24703615021168124,0.7782401411428116
6.0159999999999165,-0.8523689868079668,0.19466036786503726,0.6317872255634138,-0.9839316409931168,0.2192924580875609,0.753912076250886
6.016099999999916,-0.8522298324424581,0.15726089358021614,0.6610642403261828,-0.9867954962550627,0.1774460933016374,0.7882000312931924
6.016199999999916,-0.8390671875681145,0.1355838067522102,0.6745271396649078,-0.9536209176776156,0.1522877817287846,0.8204692872594315
6.016299999999916,-0.8241426923094718,0.10510261382886538,0.6882014594082322,-0.9402283425217488,0.11444419257927085,0.8155251731727724
6.016399999999916,-0.8191248666742742,0.08002828365275202,0.7056168159679537,-0.9494595839729276,0.10078688532319482,0.844802119684813
6.016499999999915,-0.8086994149579421,0.044947522171854944,0.7252728103154691,-0.9131317525040834,0.07103549170708334,0.8692853954110086
6.016599999999915,-0.7947741143450898,0.01937783732534457,0.7388464726377116,-0.9094420078499503,0.04490263179642559,0.9037882913239397
6.016699999999915,-0.783288857784078,-0.011312127025928225,0.749732999887699,-0.8724912318510184,-0.02282842841706397,0.8960568584023509
6.016799999999915,-0.7675885684743814,-0.04151683063073227,0.762048076534991,-0.8684758216317847,-0.041740880227632504,0.9129013918793861
6.016899999999914,-0.7512859040214608,-0.06949860099899101,0.7773920081658506,-0.8576787352482028,-0.07311786969877121,0.9176623378648345
6.016999999999914,-0.738138498079997,-0.10262877813484053,0.7917946264295571,-0.8276595489566555,-0.09754984541559018,0.9573425018327472
6.017099999999914,-0.7138121628239474,-0.12510710652791587,0.8055170684528948,-0.8061906801663271,-0.16056794127889368,0.9513124895378046
6.017199999999914,-0.701154337163979,-0.15485859289518397,0.8136512049511281,-0.8028764025381574,-0.17909200661664829,0.9588356760720801
6.0172999999999135,-0.6950064244995825,-0.1806130569467842,0.8185868713245701,-0.7571476982950222,-0.21487704159009344,0.9755187537506549
6.017399999999913,-0.6678588579848311,-0.21206973325114725,0.8326397190592967,-0.7359445739971479,-0.26330492261396155,1.0034166176884762
6.017499999999913,-0.6466796105303311,-0.24566289674991848,0.8413429617546552,-0.7278051349095096,-0.26921338162276015,1.0154963700593516
6.017599999999913,-0.6299007161801159,-0.25954719231896656,0.8461728169930821,-0.6915677934067319,-0.2946302385286072,1.0068649819923403
6.017699999999913,-0.6037750213856588,-0.29373613082202216,0.8585887818342957,-0.6638324078854863,-0.3419795163442686,1.0190463465057478
6.017799999999912,-0.5901646077678648,-0.3099814431550963,0.8565319054948257,-0.6567685894744689,-0.37039177543192614,1.0173226954321841
6.017899999999912,-0.563950025296139,-0.3433425988231384,0.8706308777685585,-0.6196602911179137,-0.39065596762680815,1.0376095924283821
6.017999999999912,-0.5355166728464931,-0.3729867429767447,0.8707725280429349,-0.612277963631,-0.42799838090660347,1.0084271637273063
6.018099999999912,-0.5133822906797882,-0.4021663512796897,0.8723595668325155,-0.5890988858372326,-0.4418258040672098,1.0277265550706824
6.018199999999911,-0.49910565643678306,-0.4206933407844923,0.8782725460844211,-0.5432425066272126,-0.5004723093301737,1.028020838818251
6.018299999999911,-0.46552286415784744,-0.45483114343892506,0.8798481990011964,-0.5113060466416874,-0.5007510129749165,1.0309681102613675
6.018399999999911,-0.4427977238798698,-0.47105501962807234,0.8823034040940778,-0.4880918195223025,-0.5215054915950025,1.0305576946567445
6.018499999999911,-0.41575772623296275,-0.49465494610099864,0.8741409697903803,-0.4799674681784382,-0.5611830359519668,1.04060351323382
6.0185999999999105,-0.3922662347771558,-0.5272086028366875,0.8770438757477969,-0.42485165497016864,-0.5909981658805222,1.0448913290532966
6.01869999999991,-0.36362585145209303,-0.5433666462870271,0.8745305902234971,-0.40333413462395856,-0.6373919600099477,1.0080016743874374
6.01879999999991,-0.33831609570000926,-0.5684029274426027,0.8760908074717347,-0.3876508198878306,-0.6488615360554292,1.0290255471377334
6.01889999999991,-0.31487502143935714,-0.5847814587094907,0.8702134793403402,-0.35515624496243886,-0.6690605045160886,1.0200991966626993
6.0189999999999095,-0.2813223696918552,-0.6159578924536334,0.8616244489321417,-0.34764044430899854,-0.6881879455287943,0.9915321876657801
6.019099999999909,-0.25437983079057247,-0.64061605983312,0.8598009867293196,-0.2811582086669206,-0.7117037853797895,1.0038932912007497
6.019199999999909,-0.22807939834653962,-0.6466396529865545,0.8583580309984786,-0.26329370525229645,-0.7420013566019915,0.9989824479773458
6.019299999999909,-0.20224265624300922,-0.6826470155983027,0.8526694557013995,-0.23245354266570983,-0.772904451639838,0.9835383387379129
6.019399999999909,-0.17109280126072235,-0.7062277974173183,0.8487271388092901,-0.18699169806232,-0.7587901247800907,0.9810779686802521
6.019499999999908,-0.14645406248369858,-0.7115886874165785,0.8323924988570854,-0.17667490069993036,-0.7959573707574095,0.937359764385904
6.019599999999908,-0.10980008042243268,-0.7330286285038782,0.8287367091975706,-0.13289826100342894,-0.8159607909256751,0.9561913072259107
6.019699999999908,-0.08793104277715606,-0.7505710581766012,0.8130529179027355,-0.08743708165729173,-0.8592694591187261,0.9129875292737596
6.019799999999908,-0.053521039035164114,-0.7707410691228354,0.7997131635293345,-0.07040005686812897,-0.8533016203343957,0.9255724917318223
6.019899999999907,-0.026118799840580628,-0.7810064507274809,0.7886437168234526,-0.03332023827921768,-0.8889567910318211,0.9140560427178464
6.019999999999907,0.0033346808292690974,-0.7988989432995325,0.7748904889780467,-0.005671219756028301,-0.893128074144476,0.8923592349553363
6.020099999999907,0.031233700594195727,-0.816254474327299,0.7686294694441314,0.027296621110638842,-0.9129484734986211,0.8920030003171361
6.020199999999907,0.05957844089901725,-0.8304048629580559,0.7439691427406304,0.0656522084230022,-0.9145147126902452,0.8426059057287061
6.0202999999999065,0.09003238847512504,-0.8490801152100292,0.7346326126564084,0.09449548203415997,-0.9354662122049394,0.8312339949772227
6.020399999999906,0.11693834443690378,-0.8623423004718103,0.718960532593593,0.14017262708442083,-0.9511816104471321,0.8316732286220604
6.020499999999906,0.14667413443475605,-0.8697055325911343,0.7080258779387759,0.16951959497003555,-0.959527510544336,0.796090712752283
6.020599999999906,0.1775056197459932,-0.8725018364933936,0.6862388226546733,0.18997293374413995,-0.9676712351106463,0.7811523580642137
6.020699999999906,0.2081714285386541,-0.8879698651599205,0.666345758280591,0.20910362941679791,-0.9796041941438328,0.7695166979013641
6.020799999999905,0.23833255164529724,-0.8943410931602981,0.6475470038308248,0.25641906985103535,-0.9834357006052431,0.7338223122942072
6.020899999999905,0.263329124286004,-0.9057350898380986,0.6328756848867656,0.28949386192899995,-0.9942133555584387,0.6937819245616468
6.020999999999905,0.2897333972014465,-0.9121867244107649,0.605151441051161,0.3239536433712359,-0.9978358553832318,0.6907446261126112
6.021099999999905,0.3224762502636396,-0.9111696888896521,0.5819883201261874,0.33628788118165903,-1.028760884164926,0.6504088932929226
6.021199999999904,0.3363222418418607,-0.9206062237593268,0.5673146686597964,0.3790134292835093,-1.0110412896081407,0.6495069393947365
6.021299999999904,0.3703068347948022,-0.9303863898038254,0.5452461517745196,0.39931585854700385,-1.0325829494873615,0.6358788410851056
6.021399999999904,0.4016078309828715,-0.9290689412998405,0.5223523936975366,0.4421689381378677,-1.0058388020870954,0.5773583251252856
6.021499999999904,0.4264112683345412,-0.9315728036819158,0.49834641597833657,0.45743829151047294,-1.0245049812252414,0.571273100567062
6.0215999999999035,0.4449313210077491,-0.9328168228528265,0.47398588715920736,0.47781348182016614,-1.0209369175735015,0.5468011962503927
6.021699999999903,0.4819862059490905,-0.9347244939213398,0.4498282421811374,0.5300820633625606,-1.0340127313383607,0.5228303936185642
6.021799999999903,0.5064712368321976,-0.9313433021929826,0.4252082277567695,0.5567790848657128,-1.0223592486553472,0.47542978288847115
6.021899999999903,0.5255309538285624,-0.9344507128277031,0.39983503107383983,0.5760957181709666,-1.016492105395165,0.4435452206806535
6.0219999999999025,0.5599183676719374,-0.9364860323962022,0.3670197189022426,0.6064142808559478,-1.0160913109012895,0.4333021004944224
6.022099999999902,0.577189112841957,-0.9257281885497567,0.3513348090966488,0.6202659758617367,-1.0278991908622472,0.4006496392097728
6.022199999999902,0.605521171929122,-0.9228617997301571,0.3226676500005974,0.6780060280865962,-1.022395321867116,0.3540921825528853
6.022299999999902,0.619773832986205,-0.9232265487093982,0.2995310273974246,0.6821191281400729,-1.016213732543494,0.3373734045924127
6.022399999999902,0.6390646433972186,-0.9211373709235925,0.258939945795907,0.7193172267483323,-0.992800378401062,0.29610649546157536
6.022499999999901,0.6736781815571289,-0.9058921772227713,0.23730579080373673,0.7398908781693099,-0.9818221990130652,0.2699803085350081
6.022599999999901,0.6864618783197122,-0.9044235569720142,0.21225009931804117,0.7498603467061364,-0.9654033834250584,0.25433777425008935
6.022699999999901,0.7078291111563707,-0.8932675548557963,0.18608704896632972,0.7607826546924287,-0.9783375068511486,0.20962741368663051
6.022799999999901,0.7150234760624564,-0.8852084156380278,0.15100835052151534,0.8012474203569891,-0.9586253005881784,0.17820996187704924
6.0228999999999004,0.7402654885717105,-0.8786358600585351,0.1250081045680709,0.8291926158967395,-0.9571939958273585,0.15624683381318166
6.0229999999999,0.7643667243097924,-0.8681086795919308,0.10182179409663007,0.8400344252272891,-0.9226974315019899,0.11101574832477384
6.0230999999999,0.782666914510243,-0.8505638272858933,0.0686407774424525,0.8360925617391185,-0.9151438558051905,0.0795272274416555
6.0231999999999,0.7966012168872397,-0.8339931167116079,0.03363067620621924,0.8860128988862626,-0.9032488947776957,0.045212397032693676
6.0232999999998995,0.8093825359469191,-0.8286138985844905,0.009249383221773605,0.898306065033918,-0.8923001917882285,0.02810428947191886
6.023399999999899,0.8270114874011462,-0.8085959001865773,-0.0246996847385392,0.911494080724575,-0.8768115366326383,-0.025567771543203287
6.023499999999899,0.849721172568285,-0.7914992023572143,-0.047146698662197666,0.90611837141222,-0.8544124343166885,-0.04720880765056051
6.023599999999899,0.8487994938158909,-0.7798214246447951,-0.07382155139605882,0.9226849649136227,-0.8370068937050545,-0.07655366256112847
6.023699999999899,0.8615337664739575,-0.7575998918880636,-0.10905365193505873,0.9448050569360764,-0.7921719773609619,-0.09977511881250689
6.023799999999898,0.882903701092162,-0.751755680679812,-0.13767457263605695,0.9658356417945136,-0.810605187999783,-0.16074725825142866
6.023899999999898,0.8912566307776564,-0.7191010617912379,-0.16022616138542609,0.963485717512112,-0.7695798113815204,-0.17105817239040932
6.023999999999898,0.8969727041117466,-0.7116855640432004,-0.18890214713745274,0.9811648624398706,-0.7620925846745233,-0.21812069844830068
6.024099999999898,0.9145018381411703,-0.6838320633425692,-0.22586467332513965,0.9677611172878222,-0.7399467891709457,-0.2374014741594852
6.024199999999897,0.9203408278392575,-0.6616744241079812,-0.2566207906602431,0.9782383654016951,-0.7172867635855472,-0.27476586935006325
6.024299999999897,0.9227215780752028,-0.6437373152836932,-0.271343637663265,0.9924619820904095,-0.7018569113990074,-0.2903416243086418
6.024399999999897,0.9399417119710474,-0.6288253091175707,-0.30880186616118316,1.0092178791799018,-0.672282000492694,-0.3401414965615621
6.024499999999897,0.9387746776600149,-0.5972228401490155,-0.3357407452719903,1.009464888084637,-0.6267532313465851,-0.3896348408154181
6.0245999999998965,0.9384042183745973,-0.570272139238904,-0.3642398960418875,0.999224206588791,-0.6234434070279742,-0.3947722959683616
6.024699999999896,0.9467683212993201,-0.5589539633501722,-0.38274063695656935,1.029458525605095,-0.5943063725569991,-0.4387268080668639
6.024799999999896,0.949699346063862,-0.5226893180151166,-0.4094736827800102,1.0516073095677543,-0.5679218051844906,-0.4580153659211615
6.024899999999896,0.9540227498559094,-0.5019299723453204,-0.4406811612969716,1.034020257264578,-0.5389173058671196,-0.48945491828326854
6.0249999999998956,0.9561549563185373,-0.47880502780842016,-0.46975473874570806,1.036168041440612,-0.5114805713465199,-0.5034466467820924
6.025099999999895,0.9475078901941223,-0.44346105328744534,-0.4953026994534582,1.02892679254603,-0.49875701186589233,-0.5418504090432937
6.025199999999895,0.9566629227211225,-0.424706392072897,-0.5175923061843625,1.0295172638377328,-0.45054089951431087,-0.5637822316997755
6.025299999999895,0.9420544171276447,-0.3987059307123777,-0.5358326012368272,1.0232563917626918,-0.44578859536292703,-0.5725471376398238
6.025399999999895,0.9478229322230679,-0.36513379257748874,-0.5733948208098402,1.0217391274942658,-0.3888752625382352,-0.6131904242411954
6.025499999999894,0.94637568050189,-0.34266852995781444,-0.5914921043870324,1.0260660277950255,-0.3783489651752746,-0.6567576238570785
6.025599999999894,0.9376389181569339,-0.3141712763231039,-0.6151928779808993,1.008647055188848,-0.346260924891905,-0.6669834465010983
6.025699999999894,0.9293248661585466,-0.28836766767003863,-0.6438181417374386,0.9987883985664986,-0.30555810738950856,-0.698064141619823
6.025799999999894,0.934562290519391,-0.255536668425559,-0.65664872212721,0.9995294916620994,-0.27094358945220826,-0.7096566403799397
6.0258999999998935,0.91752584006157,-0.22892393506120357,-0.6810739244996474,0.9870655256147326,-0.21012100919399468,-0.7414150193457679
6.025999999999893,0.9100322074534222,-0.1845484502853167,-0.6899303732511868,0.9895940858479619,-0.21580089351709072,-0.7577896222231065
6.026099999999893,0.9004980911845062,-0.16946285195458957,-0.7173276539422326,0.9626623210095279,-0.1753666221831339,-0.7714798098671728
6.026199999999893,0.8926019120546405,-0.14232382695589663,-0.7400001369262785,0.9395896440532157,-0.1465397955680908,-0.787509442853144
6.0262999999998925,0.8754626107883223,-0.11469570919332465,-0.7584687863715864,0.9413798606676993,-0.12345223792800157,-0.810208703570341
6.026399999999892,0.8722640853976963,-0.080392700403731,-0.7764857463903031,0.9221488293886014,-0.08970509210291065,-0.8459403686445278
6.026499999999892,0.8563816401852691,-0.048539834093666245,-0.7871487015074523,0.8984832534649025,-0.056931031072975855,-0.8707417135428902
6.026599999999892,0.8325371802803345,-0.01834677311587408,-0.7951107078728634,0.8752724235778053,-0.02942493471553997,-0.8808614786793703
6.026699999999892,0.8188875452072744,0.013265931275338457,-0.8207449426600559,0.8616521781858285,0.00564002597042337,-0.8794999696540002
6.026799999999891,0.8145860788733524,0.046297431742993916,-0.8317505107198876,0.8443849948451566,0.049903197150811394,-0.9034914577959238
6.026899999999891,0.7977666031634925,0.0722158277258447,-0.8468638968679075,0.8436800053936809,0.08003641469138616,-0.9270053105810041
6.026999999999891,0.784508880281462,0.10861192070105415,-0.861277658527699,0.8306569993926762,0.1170204676559725,-0.9449020050578262
6.027099999999891,0.7691812562503159,0.13313094992890606,-0.8735934133107657,0.8303602406170798,0.12331566757010518,-0.93560201006292
6.02719999999989,0.7343043401983297,0.16021458683283835,-0.8865454321726333,0.7781179977663557,0.16208233296919747,-0.9586618294498221
6.02729999999989,0.7247082884203819,0.1899839061413617,-0.8992131859444386,0.7578604095397301,0.19950611195757795,-0.9852743363775595
6.02739999999989,0.7036806433282451,0.21785770218876258,-0.9106184693842958,0.7521940887460142,0.23593987397441546,-0.9729121779556998
6.02749999999989,0.6909818951748022,0.24906424007016342,-0.9053137724614742,0.722447144792852,0.26833907282907765,-0.9753057623948816
6.0275999999998895,0.6577354719624343,0.2712371680021469,-0.9212066167422766,0.7030720337502251,0.29017438486215813,-1.0247637126920002
6.027699999999889,0.6336832453768559,0.30427756859955846,-0.9211273931427764,0.6758636022007265,0.33168580616983,-1.0039743821403957
6.027799999999889,0.6107265878371684,0.33623966220867396,-0.926757914320805,0.6550013291963174,0.3545948563738274,-0.9990433977582224
6.027899999999889,0.6014170539082863,0.3643611295082146,-0.9425886177872124,0.6132883703435668,0.3839806387495673,-1.0453607645151917
6.027999999999889,0.5633771556328002,0.3987481557872292,-0.9343034861705425,0.5895663413220773,0.41527449251037324,-1.024274136576884
6.028099999999888,0.5474393973652476,0.4236434789283299,-0.9432627601627004,0.5632041861644286,0.43769798582961983,-1.0046559562097321
6.028199999999888,0.513041527374102,0.4408742775534723,-0.9407139789777083,0.5374297589864367,0.47679932999456387,-1.016877358207182
6.028299999999888,0.49133175170821153,0.4718150247427825,-0.9461825989688711,0.515941920700981,0.504900396279914,-1.0356035867616735
6.028399999999888,0.46137058545345455,0.5019978754089414,-0.9503804950237157,0.5127030596102934,0.53798778228356,-1.0332149903376289
6.028499999999887,0.44135946945433274,0.5250625056796983,-0.9494361088564284,0.46573578113361813,0.5635221374048275,-1.0166132999113766
6.028599999999887,0.41047613934889604,0.5512233433000685,-0.95132673490002,0.4374686512756907,0.5858813148243852,-1.0362581403103337
6.028699999999887,0.3833641550953498,0.5736822925901492,-0.9520321520750397,0.4168605400475555,0.6232894096510531,-1.021277282160093
6.028799999999887,0.3537655259313199,0.5956855172667901,-0.9359944308134589,0.3650877846120188,0.647357044503193,-1.0232592653847097
6.0288999999998865,0.3250634687900715,0.6221207926381447,-0.9343382150626032,0.34845951524244645,0.6699551120260585,-0.999314812222228
6.028999999999886,0.2967134584709974,0.6422467131585919,-0.9285206725775468,0.31972712086799704,0.6888278658872343,-1.0061206558200244
6.029099999999886,0.26619132954644553,0.6700472529244745,-0.9220767230751813,0.3010131293113295,0.7201584754879399,-1.0088000179393501
6.029199999999886,0.23932232705384057,0.6906758695351168,-0.9184780618630902,0.24821289856717013,0.7499940065812218,-0.9955202733936653
6.0292999999998855,0.20672453995197346,0.7056942784143965,-0.9187037807894712,0.21532057023831408,0.7445783404647651,-0.9752912935574202
6.029399999999885,0.18096910182895204,0.7286332951231004,-0.9053624775865103,0.21121711925639924,0.7704784355238835,-0.9546421668029551
6.029499999999885,0.14617871114224915,0.75016287427894,-0.8940050746573399,0.15318461278276158,0.8088895933958206,-0.9654989458507836
6.029599999999885,0.11825143151918266,0.7744684985051394,-0.8771283615657959,0.12992011092857073,0.8216564806641227,-0.9532289484575852
6.029699999999885,0.08816544377761427,0.7896109697888596,-0.8731505154977499,0.11858342392139606,0.8354745327677208,-0.9102950645820055
6.029799999999884,0.06118008918713317,0.8056506956070421,-0.8578092245595053,0.07109851087147306,0.8501414851587145,-0.9163198708399843
6.029899999999884,0.02977791861494046,0.826587807585575,-0.8468192633823989,0.059076273498119426,0.8667070700144376,-0.8908323323891613
6.029999999999884,-0.0008220757129296178,0.8395785958599364,-0.8250274346942559,-0.0067102208181097816,0.8767255868834594,-0.8765418857560431
6.030099999999884,-0.03400830624545177,0.8489376163284501,-0.8150261795328001,-0.025823525758187423,0.9161755076731046,-0.8776962640262139
6.030199999999883,-0.06588829309393524,0.8703028065351242,-0.7974863010238743,-0.04581119141154583,0.9261602568853461,-0.8726904450673125
6.030299999999883,-0.08977185922677956,0.8770540099797414,-0.7797598244444967,-0.11452959273300141,0.9205172647931769,-0.8341281427151215
6.030399999999883,-0.12433014813795731,0.8852954965231368,-0.7652045872310105,-0.12413302397929059,0.9358123646904916,-0.8215527101600657
6.030499999999883,-0.15348923277474166,0.9014132721144378,-0.7441283503366793,-0.16004656797504022,0.9522231153552585,-0.8011072014340433
6.0305999999998825,-0.18055782052125582,0.9178245216166749,-0.7228915190810046,-0.1926118370299865,0.9640594898948728,-0.7760044829216143
6.030699999999882,-0.2145864794820185,0.9257453579126811,-0.7151386324336266,-0.2062262945702244,0.9741847158184256,-0.748218281337298
6.030799999999882,-0.24468601648319255,0.9340469896294755,-0.6900370155312714,-0.26395636359808433,0.9832023705762992,-0.7141790194512775
6.030899999999882,-0.2733875790593432,0.9346716708297422,-0.6575775646499354,-0.30652799833790284,1.0023204083866397,-0.6977797927148155
6.030999999999882,-0.2986694800922489,0.9553144296314037,-0.6408273887617961,-0.31536638193740607,0.9933978250142004,-0.6945429979805822
6.031099999999881,-0.32791285414214194,0.9591880283212524,-0.6133147616045943,-0.3388111643833422,0.9999024536382594,-0.6649417770237145
6.031199999999881,-0.35723795815236287,0.9534343600772346,-0.5953284006499385,-0.38645924644734964,1.019736759992671,-0.6395497794597677
6.031299999999881,-0.3757318753102724,0.9611094074267046,-0.5698338158726285,-0.41058587585165174,0.9968394570806824,-0.6018780337116738
6.031399999999881,-0.4113601456092953,0.9726974627917663,-0.5489155255089104,-0.44004361387487745,0.9981774179749343,-0.5657625016457812
6.03149999999988,-0.43090085714365167,0.9720797725817316,-0.5272193719798764,-0.45873305001487535,1.0082302240467693,-0.5567721140366989
6.03159999999988,-0.4661387629188071,0.9687383109769858,-0.49891893652217034,-0.4995534722008664,1.0240621936409438,-0.522289665346142
6.03169999999988,-0.5038775109562049,0.9804629763733888,-0.476278961169184,-0.5210034961735924,1.0186575536655427,-0.5115065324773729
6.03179999999988,-0.5275319738380362,0.974864039786801,-0.4428249278869915,-0.5401733518777831,1.039968257951171,-0.4835411273781604
6.0318999999998795,-0.5459196972987133,0.9794374412116497,-0.420303076811172,-0.5889724091658218,1.0211784215112838,-0.44770819225306885
6.031999999999879,-0.5761348578790099,0.9708335554737227,-0.3875864533558617,-0.6092755540330268,1.0079570577434722,-0.4043527574274074
6.032099999999879,-0.5924512722764506,0.9667085285548755,-0.35997035060267885,-0.6251139187344424,1.015336637105936,-0.39786195224516513
6.032199999999879,-0.6225447537084392,0.9650296228378605,-0.3326041979447428,-0.6476339213547512,0.9910736537486631,-0.36555355628818176
6.0322999999998785,-0.6415584188401209,0.9551660166679976,-0.30001476678500505,-0.6878338119629113,1.0094765944235087,-0.3232944810903491
6.032399999999878,-0.666383855846368,0.951968867281548,-0.2823945458850947,-0.7075939364394167,1.0014616245662349,-0.2936588514286418
6.032499999999878,-0.6861444863652262,0.9419496555928637,-0.2494416801090678,-0.7348607960100817,0.985858840033379,-0.266864881540076
6.032599999999878,-0.7139509139802733,0.9372109658579646,-0.22292742129519463,-0.7544838066445101,0.9846040516744283,-0.2516783135775947
6.032699999999878,-0.7316197861225631,0.9296523914575714,-0.18597747458649683,-0.7659634287457832,0.9570508754658624,-0.20336237044865213
6.032799999999877,-0.7443966366824295,0.9168221744700162,-0.15641735499250028,-0.7874175674847789,0.9734182474171837,-0.17568600648955768
6.032899999999877,-0.7737471047938639,0.9046895420752078,-0.13279394747985485,-0.8142478225211365,0.9499458706309084,-0.136304344602899
6.032999999999877,-0.7854505292024082,0.8937551592820587,-0.1066919485033263,-0.8304382025341954,0.9415889069321609,-0.10217586860463793
6.033099999999877,-0.8029113662071936,0.8756454934495439,-0.07047851150338669,-0.8532429193174779,0.9217055080315176,-0.06982074193913977
6.033199999999876,-0.8223451377395216,0.8636678840621285,-0.03842475087787349,-0.8557160345415588,0.8920602715827436,-0.04883170098025993
6.033299999999876,-0.8363040132166455,0.8489303638766124,-0.004764338008201942,-0.8788251053200437,0.883910407825724,-0.018739143988681862
6.033399999999876,-0.8523418323196948,0.8379769568797678,0.01174250636145609,-0.8961059775057028,0.8827627790544638,0.02929889164180429
6.033499999999876,-0.8680674394546571,0.8212643927347524,0.054312615627767555,-0.9033727071618292,0.8585029125363901,0.04259672203454981
6.0335999999998755,-0.8847922187037605,0.8006517080573063,0.0779985182594133,-0.941646798563034,0.8319850950771326,0.08374881474994456
6.033699999999875,-0.9042094111641908,0.7884443660834052,0.11314112749090793,-0.9288959674819625,0.8370175565842775,0.12902595342728987
6.033799999999875,-0.9039749455203778,0.7626602461030704,0.14573842586450378,-0.9401529005455432,0.8053823386279471,0.14967030752462426
6.033899999999875,-0.9165644021768147,0.7475437476395332,0.17498411731217364,-0.9737069217391258,0.7880242115683084,0.17943055125739663
6.033999999999875,-0.9220750284865407,0.7274003511778115,0.20800312294735832,-0.9729930846169775,0.7763129928253664,0.2295192882156778
6.034099999999874,-0.9353542005720282,0.7088997294646894,0.23363979847264382,-0.9723284605366924,0.7347047791195883,0.2250487689009095
6.034199999999874,-0.9508722658973866,0.6793906454249141,0.2608940733026064,-0.9888220936845914,0.7241123478887134,0.27452015284028314
6.034299999999874,-0.9556016111360255,0.6610442613321785,0.2952897962863609,-0.9868953566963554,0.6675758971445717,0.31080805221211416
6.034399999999874,-0.960536373607334,0.6428463130323113,0.3256983711033877,-1.0017727138258632,0.660591023069396,0.3621465162036729
6.034499999999873,-0.9583702496197228,0.6155210819058285,0.3448228848681487,-1.0133468999172763,0.6460224640001494,0.37141361300329206
6.034599999999873,-0.9744544815545789,0.5940717735569594,0.38098057639067795,-1.0038725680682306,0.6255330663906289,0.4135984971027333
6.034699999999873,-0.9784438164543042,0.5689317432954832,0.4054202631789857,-1.0143642035973177,0.5964837344367229,0.41062171295016814
6.034799999999873,-0.982930796602972,0.5406404494256831,0.43494902785399575,-1.0283133403102263,0.556656754270138,0.4449527102685545
6.0348999999998725,-0.9748798907125645,0.5160668829043665,0.4566043538207006,-1.0166032762774673,0.5343845361128896,0.5073626103032559
6.034999999999872,-0.984224268475365,0.49316899189541696,0.48719926248467227,-1.0228756309048301,0.5108607398316722,0.5167070138132547
6.035099999999872,-0.9781455303503056,0.46316771689660824,0.5151721628063801,-1.0266344272890588,0.4807468669722813,0.5385306085915036
6.035199999999872,-0.980511779957218,0.4405303853640276,0.5314596026675418,-1.0265463504479768,0.4462241496845501,0.5660730644892813
6.0352999999998715,-0.9771096409279777,0.40696663782281745,0.5711522106666764,-1.0011172985269083,0.4220971910881585,0.61948321074833
6.035399999999871,-0.9763094441374259,0.38590757239328416,0.5880509215999962,-1.0289872617182947,0.39140388694576655,0.6378434886684169
6.035499999999871,-0.9778591250672418,0.3505324246648297,0.6077574710529812,-1.0193265672544325,0.37056932140450344,0.6476338571399366
6.035599999999871,-0.961241457771057,0.32168847383198595,0.6382062675361163,-1.005846996578122,0.3417235816428737,0.659669281138962
6.035699999999871,-0.9568965879875019,0.28342923249576707,0.6580612666164346,-1.002416096372931,0.2939827640555669,0.7044608727204673
6.03579999999987,-0.9526401002807965,0.26194416615464094,0.6859945663611813,-0.9799473614450234,0.26605660632251105,0.7273553878050725
6.03589999999987,-0.9379303808539904,0.22774379062839953,0.7010950331652797,-0.9848705355661986,0.23480404415410064,0.7470987156101941
6.03599999999987,-0.9389995793366764,0.2032167275041381,0.7198842369433461,-0.9723262591197417,0.19862433308789496,0.7588127429117598
6.03609999999987,-0.9216290012313096,0.1697444812439244,0.7410683007987933,-0.9690362506714257,0.17657183176879404,0.782303822086277
6.0361999999998694,-0.9127120253757227,0.14108451119506202,0.7683182429229368,-0.9541050428038085,0.1554162736452247,0.8114461483618646
6.036299999999869,-0.9038946787229292,0.10621720825610038,0.7807435812817769,-0.9391212096556703,0.11701415316860696,0.8213186342283958
6.036399999999869,-0.8860214554535842,0.08045449307795333,0.798297941046062,-0.9281593778453361,0.08530208344965928,0.8461141296871599
6.036499999999869,-0.879237857159139,0.04612134339561849,0.8128813471470918,-0.9314691188387406,0.042175760149806715,0.8535474582226696
6.0365999999998685,-0.862801845940173,0.019739940177701778,0.8364276553163438,-0.9055146663321924,0.01840641532925946,0.8719372302434802
6.036699999999868,-0.8434358779868353,-0.006742287143209169,0.8532010300214686,-0.8597911000382745,-0.012305806458299122,0.9017410765927404
6.036799999999868,-0.83016872336737,-0.04784899340720429,0.8642491582356788,-0.8659195754979414,-0.04690051386336505,0.8790185350937855
6.036899999999868,-0.806092311085268,-0.06977063505485948,0.8760229208479536,-0.8377630521039602,-0.08268792898324565,0.9241986699045603
6.036999999999868,-0.7944278282978652,-0.09908112240754957,0.8889333269680597,-0.8263120889280767,-0.09916920546297352,0.9364832158287805
6.037099999999867,-0.7727187240562119,-0.13264122849484336,0.898580898364773,-0.8080860409694253,-0.12831301288080443,0.9362089440286615
6.037199999999867,-0.7562897170360257,-0.16459652329758523,0.919231910481876,-0.7991413364319617,-0.1675064853947287,0.9472870898832508
6.037299999999867,-0.7345251924034044,-0.19169807333542283,0.9179265867150109,-0.7602955912755205,-0.19701792499932397,0.9514203696519067
6.037399999999867,-0.7130431112375547,-0.2224690300928928,0.9338360701590254,-0.7503384124675414,-0.21955802496519683,0.975405135763699
6.037499999999866,-0.6939272075656909,-0.25281199428275636,0.9394665653110394,-0.715219857933073,-0.2682003480812058,0.9861066244891323
6.037599999999866,-0.6757327580559435,-0.2869193951671349,0.9549517576593451,-0.714644230590712,-0.29323889264820446,0.9959894340067761
6.037699999999866,-0.6537176602011668,-0.3164502761493568,0.9596738127075726,-0.6537878258874911,-0.34078749218732596,1.0137690663831704
6.037799999999866,-0.6247408847198166,-0.3412494296068624,0.9659501552245714,-0.6656989467523057,-0.3654718910639835,0.9954315479348085
6.0378999999998655,-0.6079177220598979,-0.3765545036764308,0.965183105148756,-0.6179199550991549,-0.3700948215705296,1.0015074477632622
6.037999999999865,-0.5862362373865345,-0.40295510979900145,0.9757108366947832,-0.5961209535859168,-0.40073163794386474,1.0217124301431284
6.038099999999865,-0.5558703317084298,-0.41850470875173285,0.9800710852811173,-0.5765260820576922,-0.44885445094253573,1.0137341662238053
6.038199999999865,-0.5296410635377164,-0.45261658173493075,0.9755820586886423,-0.5524839995485454,-0.4912732769897535,1.0176531157204354
6.0382999999998646,-0.4988772833192207,-0.47801782481765565,0.9770135175609856,-0.5196155342753408,-0.4966777335431575,1.0231443440845918
6.038399999999864,-0.4709871922953014,-0.5133349009469036,0.9732976281232554,-0.4987163524941674,-0.5309125470103896,1.027914277890523
6.038499999999864,-0.4397705523428808,-0.5333594725775039,0.9765223386447524,-0.4732574677899988,-0.5521732064172311,1.0317742497024727
6.038599999999864,-0.41744792185105134,-0.5607342483424138,0.9793830135537361,-0.4480300929751218,-0.5726747722522548,1.0060214081524934
6.038699999999864,-0.3856179083862021,-0.5874390171977311,0.9710579843683464,-0.4020949351140394,-0.611879144201245,1.0073856924576599
6.038799999999863,-0.3665607868829658,-0.6160257069907412,0.9621047896757806,-0.38260528449086634,-0.6481770253574348,1.0088303568657269
6.038899999999863,-0.3309558751321915,-0.6356926829573243,0.9652737259355846,-0.34522680036081527,-0.6674657230441106,0.9980074834243192
6.038999999999863,-0.3001784896988747,-0.6587074547990918,0.9571724661718884,-0.2983815321592893,-0.6813945330666662,0.9936103032150031
6.039099999999863,-0.27523285757529603,-0.680301172924036,0.9590965681339713,-0.27813862686483937,-0.7095782472114344,0.9997578009946129
6.0391999999998625,-0.2346566538456851,-0.7010121798161069,0.9437777432634439,-0.2595851747088447,-0.7268292992525528,0.9843742385955512
6.039299999999862,-0.2096720095010431,-0.7249784617325814,0.9350319565938936,-0.2147192447381874,-0.7297244931553643,0.9707133795560323
6.039399999999862,-0.18630757390513164,-0.7500868687338585,0.9217841144009054,-0.18140929317907717,-0.7765646420344554,0.9515652040343511
6.039499999999862,-0.1518231278384194,-0.7596097421334581,0.9142219516002584,-0.15686499642642268,-0.8054114898337101,0.9395539349078101
6.0395999999998615,-0.12725472659881878,-0.7847420211028168,0.907053646172227,-0.13497719384569662,-0.8088063527399058,0.9339079570400448
6.039699999999861,-0.08693062625254204,-0.8040152359676933,0.8909427757479411,-0.08872308219521831,-0.8159045248382917,0.9274393868830658
6.039799999999861,-0.05509704945961823,-0.8182088112150216,0.8815764431005341,-0.05341902070397011,-0.835149551954545,0.9140447102255937
6.039899999999861,-0.02598143242242516,-0.8374085740951003,0.8616891134365032,-0.019086383037366948,-0.8663506871474538,0.8909581221931462
