feeder,fault_bus,alpha,Rx,snrI,observation,n_real_obs,rmse_alpha_pct_proper,rmse_alpha_pct_dual,rmse_Rx_pct_proper,rmse_Rx_pct_dual,consistency_ratio,geary_hinkley_valid
IEEE_34,bus_01,0.5,100.0,20.0,full,18,96.02510361091969,96.02510361091969,8.959252129105545,8.959252129105543,1.0,1
IEEE_34,bus_01,0.5,100.0,20.0,upper,12,132.7395520790246,132.7395520790246,9.36839093427373,9.36839093427373,1.0,1
IEEE_34,bus_01,0.5,100.0,20.0,diagonal,6,463.38793965326107,463.38793965326096,16.240183355738264,16.24018335573826,1.0000000000000002,1
IEEE_34,bus_01,0.5,100.0,30.0,full,18,30.365803996416524,30.36580399641653,2.8331642859686443,2.8331642859686443,0.9999999999999998,1
IEEE_34,bus_01,0.5,100.0,30.0,upper,12,41.975932016025666,41.975932016025666,2.9625453363177794,2.9625453363177794,0.9999999999999999,1
IEEE_34,bus_01,0.5,100.0,30.0,diagonal,6,146.53613295569605,146.53613295569602,5.135596902288946,5.135596902288944,1.0000000000000002,1
IEEE_34,bus_01,0.5,100.0,40.0,full,18,9.602510361091968,9.602510361091968,0.8959252129105544,0.8959252129105544,1.0,1
IEEE_34,bus_01,0.5,100.0,40.0,upper,12,13.27395520790246,13.27395520790246,0.936839093427373,0.936839093427373,1.0,1
IEEE_34,bus_01,0.5,100.0,40.0,diagonal,6,46.33879396532608,46.33879396532608,1.6240183355738258,1.6240183355738258,1.0,1
IEEE_34,bus_01,0.5,100.0,50.0,full,18,3.036580399641652,3.036580399641652,0.2833164285968645,0.2833164285968645,1.0000000000000002,1
IEEE_34,bus_01,0.5,100.0,50.0,upper,12,4.197593201602567,4.197593201602567,0.2962545336317779,0.2962545336317779,1.0,1
IEEE_34,bus_01,0.5,100.0,50.0,diagonal,6,14.653613295569592,14.653613295569592,0.5135596902288943,0.5135596902288943,1.0,1
IEEE_34,bus_01,0.5,100.0,inf,full,18,7.008217345131656e-149,nan,2.570816870824316e-150,nan,nan,1
IEEE_34,bus_01,0.5,100.0,inf,upper,12,7.511803621566991e-149,nan,2.6947942125111694e-150,nan,nan,1
IEEE_34,bus_01,0.5,100.0,inf,diagonal,6,8.142401572975522e-149,nan,2.853635520525265e-150,nan,nan,1
IEEE_34,bus_01,0.5,500.0,20.0,full,18,478.9610646042798,478.96106460427967,42.573660847611315,42.57366084761131,1.0000000000000002,1
IEEE_34,bus_01,0.5,500.0,20.0,upper,12,662.626210070229,662.626210070229,44.6518999486549,44.6518999486549,1.0,1
IEEE_34,bus_01,0.5,500.0,20.0,diagonal,6,2348.2332226158514,2348.233222615852,79.88500492396305,79.88500492396305,0.9999999999999999,1
IEEE_34,bus_01,0.5,500.0,30.0,full,18,151.46078746885777,151.46078746885777,13.462973660998644,13.462973660998648,1.0,1
IEEE_34,bus_01,0.5,500.0,30.0,upper,12,209.5408061147125,209.5408061147125,14.120170569170503,14.120170569170503,1.0,1
IEEE_34,bus_01,0.5,500.0,30.0,diagonal,6,742.5765460743315,742.5765460743315,25.261856645348956,25.261856645348956,1.0,1
IEEE_34,bus_01,0.5,500.0,40.0,full,18,47.89610646042797,47.89610646042797,4.257366084761132,4.257366084761132,1.0,1
IEEE_34,bus_01,0.5,500.0,40.0,upper,12,66.2626210070229,66.2626210070229,4.465189994865491,4.465189994865491,1.0,1
IEEE_34,bus_01,0.5,500.0,40.0,diagonal,6,234.82332226158528,234.82332226158528,7.988500492396308,7.988500492396308,1.0,1
IEEE_34,bus_01,0.5,500.0,50.0,full,18,15.14607874688578,15.146078746885777,1.3462973660998645,1.3462973660998645,1.0000000000000002,1
IEEE_34,bus_01,0.5,500.0,50.0,upper,12,20.954080611471248,20.954080611471248,1.41201705691705,1.41201705691705,1.0,1
IEEE_34,bus_01,0.5,500.0,50.0,diagonal,6,74.25765460743314,74.25765460743314,2.5261856645348955,2.5261856645348955,1.0,1
IEEE_34,bus_01,0.5,500.0,inf,full,18,3.6806365936076466e-148,nan,1.3140872306315738e-149,nan,nan,1
IEEE_34,bus_01,0.5,500.0,inf,upper,12,3.976099826228909e-148,nan,1.3865123502985668e-149,nan,nan,1
IEEE_34,bus_01,0.5,500.0,inf,diagonal,6,4.3565080367917396e-148,nan,1.4820487764606134e-149,nan,nan,1
IEEE_34,bus_01,0.5,1000.0,20.0,full,18,957.6415954190969,957.6415954190969,84.60153636291754,84.60153636291754,1.0,1
IEEE_34,bus_01,0.5,1000.0,20.0,upper,12,1325.0080840911344,1325.0080840911344,88.76658422687215,88.76658422687215,1.0,1
IEEE_34,bus_01,0.5,1000.0,20.0,diagonal,6,4705.491795367323,4705.491795367323,159.47952949027868,159.47952949027868,1.0,1
IEEE_34,bus_01,0.5,1000.0,30.0,full,18,302.83286236418155,302.83286236418155,26.7533548456377,26.7533548456377,1.0,1
IEEE_34,bus_01,0.5,1000.0,30.0,upper,12,419.00434638639,419.00434638639,28.070458627009266,28.070458627009266,1.0,1
IEEE_34,bus_01,0.5,1000.0,30.0,diagonal,6,1488.0071584595694,1488.0071584595698,50.431855336127285,50.43185533612729,0.9999999999999998,1
IEEE_34,bus_01,0.5,1000.0,40.0,full,18,95.7641595419097,95.7641595419097,8.460153636291755,8.460153636291755,0.9999999999999999,1
IEEE_34,bus_01,0.5,1000.0,40.0,upper,12,132.50080840911346,132.50080840911346,8.876658422687214,8.876658422687216,0.9999999999999998,1
IEEE_34,bus_01,0.5,1000.0,40.0,diagonal,6,470.5491795367326,470.5491795367326,15.94795294902788,15.94795294902788,1.0,1
IEEE_34,bus_01,0.5,1000.0,50.0,full,18,30.28328623641816,30.28328623641816,2.67533548456377,2.67533548456377,1.0,1
IEEE_34,bus_01,0.5,1000.0,50.0,upper,12,41.900434638639005,41.900434638639005,2.8070458627009267,2.8070458627009267,1.0,1
IEEE_34,bus_01,0.5,1000.0,50.0,diagonal,6,148.80071584595697,148.80071584595697,5.04318553361273,5.04318553361273,1.0,1
IEEE_34,bus_01,0.5,1000.0,inf,full,18,7.4074590891079e-148,nan,2.635704192286728e-149,nan,nan,1
IEEE_34,bus_01,0.5,1000.0,inf,upper,12,8.010592674545813e-148,nan,2.7834651221720956e-149,nan,nan,1
IEEE_34,bus_01,0.5,1000.0,inf,diagonal,6,8.790094330924539e-148,nan,2.979157201547862e-149,nan,nan,1
IEEE_34,bus_01,0.5,2000.0,20.0,full,18,1915.004497072675,1915.004497072675,168.6590331888169,168.6590331888169,1.0,1
IEEE_34,bus_01,0.5,2000.0,20.0,upper,12,2649.7760004940087,2649.7760004940083,176.99776946414798,176.99776946414795,1.0000000000000002,1
IEEE_34,bus_01,0.5,2000.0,20.0,diagonal,6,9420.233282419364,9420.233282419364,318.6756168916941,318.6756168916941,1.0,1
IEEE_34,bus_01,0.5,2000.0,30.0,full,18,605.5775940214904,605.5775940214904,53.334669283859306,53.334669283859306,1.0,1
IEEE_34,bus_01,0.5,2000.0,30.0,upper,12,837.9327450812519,837.9327450812519,55.97160922761082,55.971609227610806,1.0,1
IEEE_34,bus_01,0.5,2000.0,30.0,diagonal,6,2978.9393262569392,2978.9393262569383,100.7740784136981,100.77407841369809,1.0000000000000002,1
IEEE_34,bus_01,0.5,2000.0,40.0,full,18,191.5004497072675,191.5004497072675,16.86590331888169,16.86590331888169,1.0,1
IEEE_34,bus_01,0.5,2000.0,40.0,upper,12,264.97760004940085,264.9776000494008,17.699776946414794,17.699776946414794,1.0000000000000002,1
IEEE_34,bus_01,0.5,2000.0,40.0,diagonal,6,942.0233282419357,942.0233282419357,31.867561689169392,31.867561689169392,1.0,1
IEEE_34,bus_01,0.5,2000.0,50.0,full,18,60.557759402149024,60.557759402149024,5.33346692838593,5.33346692838593,1.0,1
IEEE_34,bus_01,0.5,2000.0,50.0,upper,12,83.7932745081252,83.7932745081252,5.59716092276108,5.59716092276108,1.0,1
IEEE_34,bus_01,0.5,2000.0,50.0,diagonal,6,297.893932625694,297.893932625694,10.077407841369814,10.077407841369814,1.0,1
IEEE_34,bus_01,0.5,2000.0,inf,full,18,1.4861457849081104e-147,nan,5.278999880566337e-149,nan,nan,1
IEEE_34,bus_01,0.5,2000.0,inf,upper,12,1.608016760361035e-147,nan,5.577487367726197e-149,nan,nan,1
IEEE_34,bus_01,0.5,2000.0,inf,diagonal,6,1.7658308800477567e-147,nan,5.973601591855691e-149,nan,nan,1
IEEE_34,bus_01,0.5,5000.0,20.0,full,18,4787.094840866954,4787.094840866954,420.83294199163674,420.83294199163674,1.0,1
IEEE_34,bus_01,0.5,5000.0,20.0,upper,12,6624.083368712148,6624.083368712149,441.69280631349005,441.69280631349005,0.9999999999999998,1
IEEE_34,bus_01,0.5,5000.0,20.0,diagonal,6,23564.643803785923,23564.643803785923,796.2697497267075,796.2697497267075,0.9999999999999999,1
IEEE_34,bus_01,0.5,5000.0,30.0,full,18,1513.8123072380874,1513.8123072380874,133.07906111230884,133.07906111230884,1.0,1
IEEE_34,bus_01,0.5,5000.0,30.0,upper,12,2094.719085597133,2094.719085597133,139.67552940622286,139.67552940622286,1.0,1
IEEE_34,bus_01,0.5,5000.0,30.0,diagonal,6,7451.794667053749,7451.794667053749,251.8026041028635,251.8026041028635,1.0,1
IEEE_34,bus_01,0.5,5000.0,40.0,full,18,478.70948408669545,478.70948408669545,42.083294199163674,42.083294199163674,1.0,1
IEEE_34,bus_01,0.5,5000.0,40.0,upper,12,662.4083368712149,662.4083368712149,44.16928063134901,44.16928063134901,1.0,1
IEEE_34,bus_01,0.5,5000.0,40.0,diagonal,6,2356.464380378596,2356.464380378596,79.62697497267088,79.62697497267088,1.0,1
IEEE_34,bus_01,0.5,5000.0,50.0,full,18,151.3812307238087,151.3812307238087,13.307906111230885,13.307906111230885,1.0,1
IEEE_34,bus_01,0.5,5000.0,50.0,upper,12,209.47190855971326,209.47190855971328,13.967552940622289,13.967552940622287,0.9999999999999998,1
IEEE_34,bus_01,0.5,5000.0,50.0,diagonal,6,745.179466705375,745.1794667053753,25.180260410286355,25.180260410286362,0.9999999999999998,1
IEEE_34,bus_01,0.5,5000.0,inf,full,18,3.722374213354421e-147,nan,1.3208938473484654e-148,nan,nan,1
IEEE_34,bus_01,0.5,5000.0,inf,upper,12,4.02893727332031e-147,nan,1.3959650633445424e-148,nan,nan,1
IEEE_34,bus_01,0.5,5000.0,inf,diagonal,6,4.426380430019434e-147,nan,1.4957122486308802e-148,nan,nan,1
IEEE_34,bus_04,0.5,100.0,20.0,full,18,142.31670644248356,142.31670644248356,8.969139973906778,8.969139973906778,1.0,1
IEEE_34,bus_04,0.5,100.0,20.0,upper,12,184.17566476786322,184.17566476786322,9.57838356886025,9.57838356886025,1.0,1
IEEE_34,bus_04,0.5,100.0,20.0,diagonal,6,602.4421893165131,602.4421893165131,18.967576577616978,18.967576577616978,1.0,1
IEEE_34,bus_04,0.5,100.0,30.0,full,18,45.00449414518071,45.0044941451807,2.83629109704086,2.8362910970408604,1.0000000000000002,1
IEEE_34,bus_04,0.5,100.0,30.0,upper,12,58.24145902420743,58.24145902420743,3.0289508380330643,3.0289508380330643,1.0,1
IEEE_34,bus_04,0.5,100.0,30.0,diagonal,6,190.50894768185398,190.50894768185398,5.998074367893121,5.998074367893121,1.0,1
IEEE_34,bus_04,0.5,100.0,40.0,full,18,14.231670644248357,14.231670644248357,0.8969139973906777,0.8969139973906778,1.0,1
IEEE_34,bus_04,0.5,100.0,40.0,upper,12,18.417566476786323,18.41756647678632,0.957838356886025,0.957838356886025,1.0000000000000002,1
IEEE_34,bus_04,0.5,100.0,40.0,diagonal,6,60.24421893165132,60.24421893165132,1.896757657761698,1.896757657761698,1.0,1
IEEE_34,bus_04,0.5,100.0,50.0,full,18,4.50044941451807,4.50044941451807,0.283629109704086,0.283629109704086,1.0,1
IEEE_34,bus_04,0.5,100.0,50.0,upper,12,5.824145902420742,5.824145902420742,0.30289508380330643,0.30289508380330643,1.0,1
IEEE_34,bus_04,0.5,100.0,50.0,diagonal,6,19.05089476818539,19.05089476818539,0.5998074367893118,0.5998074367893118,1.0,1
IEEE_34,bus_04,0.5,100.0,inf,full,18,9.111952448280715e-149,nan,2.961455866694535e-150,nan,nan,1
IEEE_34,bus_04,0.5,100.0,inf,upper,12,9.791646970710241e-149,nan,3.133113964251248e-150,nan,nan,1
IEEE_34,bus_04,0.5,100.0,inf,diagonal,6,1.0655844942182501e-148,nan,3.3548736466185195e-150,nan,nan,1
IEEE_34,bus_04,0.5,500.0,20.0,full,18,694.9671234479891,694.9671234479891,42.6821227559945,42.6821227559945,1.0,1
IEEE_34,bus_04,0.5,500.0,20.0,upper,12,903.7819638736185,903.7819638736185,45.64969245374929,45.64969245374929,1.0,1
IEEE_34,bus_04,0.5,500.0,20.0,diagonal,6,3061.4038277648087,3061.4038277648087,93.33788766162341,93.33788766162341,1.0,1
IEEE_34,bus_04,0.5,500.0,30.0,full,18,219.76790090310573,219.76790090310573,13.49727232798458,13.49727232798458,1.0,1
IEEE_34,bus_04,0.5,500.0,30.0,upper,12,285.80095140206487,285.80095140206487,14.435700264004845,14.435700264004845,1.0,1
IEEE_34,bus_04,0.5,500.0,30.0,diagonal,6,968.1008933294615,968.1008933294615,29.516031699965747,29.516031699965747,1.0,1
IEEE_34,bus_04,0.5,500.0,40.0,full,18,69.49671234479894,69.49671234479894,4.268212275599449,4.268212275599449,1.0,1
IEEE_34,bus_04,0.5,500.0,40.0,upper,12,90.37819638736184,90.37819638736184,4.564969245374929,4.564969245374929,1.0,1
IEEE_34,bus_04,0.5,500.0,40.0,diagonal,6,306.14038277648086,306.14038277648086,9.333788766162339,9.333788766162339,1.0,1
IEEE_34,bus_04,0.5,500.0,50.0,full,18,21.97679009031057,21.97679009031057,1.349727232798458,1.349727232798458,1.0,1
IEEE_34,bus_04,0.5,500.0,50.0,upper,12,28.580095140206485,28.580095140206485,1.4435700264004843,1.4435700264004843,1.0,1
IEEE_34,bus_04,0.5,500.0,50.0,diagonal,6,96.81008933294619,96.81008933294619,2.9516031699965746,2.9516031699965746,1.0,1
IEEE_34,bus_04,0.5,500.0,inf,full,18,4.770072312831903e-148,nan,1.5045957054002888e-149,nan,nan,1
IEEE_34,bus_04,0.5,500.0,inf,upper,12,5.167262882074274e-148,nan,1.6029571695774456e-149,nan,nan,1
IEEE_34,bus_04,0.5,500.0,inf,diagonal,6,5.687060700130685e-148,nan,1.7338951892364874e-149,nan,nan,1
IEEE_34,bus_04,0.5,1000.0,20.0,full,18,1385.8473149969454,1385.8473149969454,84.83102933395705,84.83102933395705,1.0000000000000002,1
IEEE_34,bus_04,0.5,1000.0,20.0,upper,12,1803.3592086269184,1803.3592086269184,90.74740695516661,90.74740695516661,1.0,1
IEEE_34,bus_04,0.5,1000.0,20.0,diagonal,6,6136.891644116648,6136.891644116648,186.34972263724967,186.34972263724967,1.0,1
IEEE_34,bus_04,0.5,1000.0,30.0,full,18,438.2434004619172,438.2434004619172,26.82592689518608,26.82592689518608,1.0,1
IEEE_34,bus_04,0.5,1000.0,30.0,upper,12,570.2722538699832,570.2722538699832,28.696849773253202,28.696849773253202,1.0,1
IEEE_34,bus_04,0.5,1000.0,30.0,diagonal,6,1940.6555349064074,1940.6555349064074,58.928956487434846,58.928956487434846,1.0,1
IEEE_34,bus_04,0.5,1000.0,40.0,full,18,138.58473149969456,138.58473149969456,8.483102933395703,8.483102933395703,1.0,1
IEEE_34,bus_04,0.5,1000.0,40.0,upper,12,180.33592086269184,180.33592086269184,9.074740695516661,9.074740695516661,1.0,1
IEEE_34,bus_04,0.5,1000.0,40.0,diagonal,6,613.6891644116649,613.6891644116649,18.634972263724972,18.634972263724972,1.0,1
IEEE_34,bus_04,0.5,1000.0,50.0,full,18,43.824340046191715,43.824340046191715,2.682592689518608,2.682592689518608,1.0,1
IEEE_34,bus_04,0.5,1000.0,50.0,upper,12,57.02722538699832,57.02722538699832,2.8696849773253192,2.8696849773253192,1.0,1
IEEE_34,bus_04,0.5,1000.0,50.0,diagonal,6,194.06555349064075,194.06555349064075,5.892895648743485,5.892895648743485,1.0000000000000002,1
IEEE_34,bus_04,0.5,1000.0,inf,full,18,9.596333179464621e-148,nan,3.0155606050252583e-149,nan,nan,1
IEEE_34,bus_04,0.5,1000.0,inf,upper,12,1.0406762858055949e-147,nan,3.2157709605223875e-149,nan,nan,1
IEEE_34,bus_04,0.5,1000.0,inf,diagonal,6,1.1471584375606065e-147,nan,3.4833898409588377e-149,nan,nan,1
IEEE_34,bus_04,0.5,2000.0,20.0,full,18,2767.6190723014615,2767.6190723014615,169.13019761319563,169.13019761319563,1.0000000000000002,1
IEEE_34,bus_04,0.5,2000.0,20.0,upper,12,3602.525305426042,3602.525305426042,180.94433382839077,180.94433382839077,1.0,1
IEEE_34,bus_04,0.5,2000.0,20.0,diagonal,6,12288.194922866378,12288.194922866378,372.38218450042206,372.38218450042206,1.0,1
IEEE_34,bus_04,0.5,2000.0,30.0,full,18,875.1979964194848,875.1979964194848,53.48366455720719,53.48366455720719,1.0,1
IEEE_34,bus_04,0.5,2000.0,30.0,upper,12,1139.2185293540037,1139.2185293540037,57.21962245995697,57.21962245995697,1.0,1
IEEE_34,bus_04,0.5,2000.0,30.0,diagonal,6,3885.868428837486,3885.868428837486,117.7575863090385,117.7575863090385,1.0,1
IEEE_34,bus_04,0.5,2000.0,40.0,full,18,276.7619072301462,276.7619072301462,16.91301976131956,16.91301976131956,1.0,1
IEEE_34,bus_04,0.5,2000.0,40.0,upper,12,360.2525305426042,360.2525305426042,18.09443338283908,18.09443338283908,1.0,1
IEEE_34,bus_04,0.5,2000.0,40.0,diagonal,6,1228.8194922866376,1228.8194922866376,37.23821845004221,37.23821845004221,1.0,1
IEEE_34,bus_04,0.5,2000.0,50.0,full,18,87.51979964194848,87.51979964194847,5.348366455720719,5.348366455720719,1.0000000000000002,1
IEEE_34,bus_04,0.5,2000.0,50.0,upper,12,113.92185293540038,113.92185293540038,5.721962245995698,5.721962245995697,1.0,1
IEEE_34,bus_04,0.5,2000.0,50.0,diagonal,6,388.5868428837487,388.58684288374855,11.775758630903853,11.775758630903846,1.0000000000000004,1
IEEE_34,bus_04,0.5,2000.0,inf,full,18,1.9249311023502647e-147,nan,6.037558250838497e-149,nan,nan,1
IEEE_34,bus_04,0.5,2000.0,inf,upper,12,2.088653143834695e-147,nan,6.441530696924879e-149,nan,nan,1
IEEE_34,bus_04,0.5,2000.0,inf,diagonal,6,2.304202181571227e-147,nan,6.982647944191758e-149,nan,nan,1
IEEE_34,bus_04,0.5,5000.0,20.0,full,18,6912.945264868191,6912.945264868191,422.0287891819533,422.0287891819533,1.0,1
IEEE_34,bus_04,0.5,5000.0,20.0,upper,12,9000.03497586035,9000.034975860352,451.53633689614395,451.53633689614395,0.9999999999999999,1
IEEE_34,bus_04,0.5,5000.0,20.0,diagonal,6,30742.38004437031,30742.38004437031,930.4870194902526,930.4870194902526,1.0,1
IEEE_34,bus_04,0.5,5000.0,30.0,full,18,2186.065237705946,2186.065237705946,133.45722119780015,133.45722119780012,1.0,1
IEEE_34,bus_04,0.5,5000.0,30.0,upper,12,2846.0609544897247,2846.060954489725,142.7883270920939,142.7883270920939,0.9999999999999999,1
IEEE_34,bus_04,0.5,5000.0,30.0,diagonal,6,9721.594163471838,9721.59416347184,294.2458314810684,294.2458314810685,0.9999999999999997,1
IEEE_34,bus_04,0.5,5000.0,40.0,full,18,691.294526486819,691.294526486819,42.20287891819533,42.20287891819533,1.0,1
IEEE_34,bus_04,0.5,5000.0,40.0,upper,12,900.0034975860353,900.0034975860353,45.153633689614395,45.153633689614395,1.0,1
IEEE_34,bus_04,0.5,5000.0,40.0,diagonal,6,3074.2380044370298,3074.2380044370298,93.04870194902522,93.04870194902522,1.0,1
IEEE_34,bus_04,0.5,5000.0,50.0,full,18,218.60652377059458,218.60652377059458,13.345722119780012,13.345722119780012,1.0,1
IEEE_34,bus_04,0.5,5000.0,50.0,upper,12,284.60609544897255,284.60609544897255,14.278832709209391,14.278832709209391,1.0,1
IEEE_34,bus_04,0.5,5000.0,50.0,diagonal,6,972.1594163471842,972.1594163471842,29.42458314810685,29.42458314810685,1.0,1
IEEE_34,bus_04,0.5,5000.0,inf,full,18,4.820862413862862e-147,nan,1.510361015220051e-148,nan,nan,1
IEEE_34,bus_04,0.5,5000.0,inf,upper,12,5.232647194616111e-147,nan,1.611892164571198e-148,nan,nan,1
IEEE_34,bus_04,0.5,5000.0,inf,diagonal,6,5.775447972431104e-147,nan,1.7480646640474502e-148,nan,nan,1
IEEE_34,bus_07,0.5,100.0,20.0,full,18,220.75789414630358,220.75789414630358,8.696092649734169,8.696092649734169,1.0,1
IEEE_34,bus_07,0.5,100.0,20.0,upper,12,265.58205483355425,265.58205483355425,9.597119096378542,9.597119096378542,1.0,1
IEEE_34,bus_07,0.5,100.0,20.0,diagonal,6,782.1530671242676,782.1530671242676,21.756690606430688,21.756690606430688,1.0,1
IEEE_34,bus_07,0.5,100.0,30.0,full,18,69.80977569646716,69.80977569646716,2.7499459517008815,2.7499459517008815,1.0,1
IEEE_34,bus_07,0.5,100.0,30.0,upper,12,83.98441989417621,83.98441989417621,3.034875532045321,3.034875532045321,1.0,1
IEEE_34,bus_07,0.5,100.0,30.0,diagonal,6,247.33851709992499,247.33851709992499,6.880069666391098,6.880069666391098,1.0,1
IEEE_34,bus_07,0.5,100.0,40.0,full,18,22.075789414630353,22.075789414630353,0.8696092649734168,0.8696092649734168,1.0,1
IEEE_34,bus_07,0.5,100.0,40.0,upper,12,26.558205483355422,26.558205483355422,0.9597119096378541,0.9597119096378541,1.0,1
IEEE_34,bus_07,0.5,100.0,40.0,diagonal,6,78.21530671242671,78.21530671242671,2.175669060643067,2.175669060643067,1.0,1
IEEE_34,bus_07,0.5,100.0,50.0,full,18,6.980977569646714,6.980977569646714,0.27499459517008806,0.27499459517008806,1.0,1
IEEE_34,bus_07,0.5,100.0,50.0,upper,12,8.39844198941762,8.39844198941762,0.3034875532045321,0.3034875532045321,1.0,1
IEEE_34,bus_07,0.5,100.0,50.0,diagonal,6,24.733851709992493,24.73385170999249,0.6880069666391097,0.6880069666391095,1.0000000000000002,1
IEEE_34,bus_07,0.5,100.0,inf,full,18,1.1818181425534176e-148,nan,3.3451000733950737e-150,nan,nan,1
IEEE_34,bus_07,0.5,100.0,inf,upper,12,1.2732253248862486e-148,nan,3.5730896570720445e-150,nan,nan,1
IEEE_34,bus_07,0.5,100.0,inf,diagonal,6,1.3922330734760453e-148,nan,3.872497694730985e-150,nan,nan,1
IEEE_34,bus_07,0.5,500.0,20.0,full,18,1067.768708537633,1067.768708537633,41.434260982052194,41.43426098205219,1.0,1
IEEE_34,bus_07,0.5,500.0,20.0,upper,12,1290.1234039345668,1290.1234039345668,45.68113867979736,45.68113867979736,1.0,1
IEEE_34,bus_07,0.5,500.0,20.0,diagonal,6,3991.2828525160053,3991.2828525160053,107.12983336277178,107.12983336277178,1.0,1
IEEE_34,bus_07,0.5,500.0,30.0,full,18,337.6581133235398,337.6581133235398,13.102663786912998,13.102663786912998,1.0,1
IEEE_34,bus_07,0.5,500.0,30.0,upper,12,407.97284191226663,407.97284191226663,14.445644433817682,14.445644433817682,1.0,1
IEEE_34,bus_07,0.5,500.0,30.0,diagonal,6,1262.1544599924484,1262.1544599924484,33.877427878065426,33.877427878065426,1.0,1
IEEE_34,bus_07,0.5,500.0,40.0,full,18,106.77687085376331,106.77687085376331,4.143426098205219,4.143426098205219,1.0,1
IEEE_34,bus_07,0.5,500.0,40.0,upper,12,129.01234039345667,129.01234039345664,4.5681138679797355,4.568113867979735,1.0000000000000002,1
IEEE_34,bus_07,0.5,500.0,40.0,diagonal,6,399.1282852516006,399.1282852516005,10.712983336277178,10.712983336277176,1.0000000000000002,1
IEEE_34,bus_07,0.5,500.0,50.0,full,18,33.765811332353984,33.765811332354,1.3102663786912998,1.3102663786913,0.9999999999999997,1
IEEE_34,bus_07,0.5,500.0,50.0,upper,12,40.79728419122666,40.797284191226666,1.4445644433817684,1.4445644433817684,0.9999999999999998,1
IEEE_34,bus_07,0.5,500.0,50.0,diagonal,6,126.21544599924488,126.21544599924488,3.3877427878065434,3.3877427878065434,1.0,1
IEEE_34,bus_07,0.5,500.0,inf,full,18,6.174113583234242e-148,nan,1.6894458003413188e-149,nan,nan,1
IEEE_34,bus_07,0.5,500.0,inf,upper,12,6.70766063588519e-148,nan,1.8181620303477774e-149,nan,nan,1
IEEE_34,bus_07,0.5,500.0,inf,diagonal,6,7.423921498808493e-148,nan,1.992620963607445e-149,nan,nan,1
IEEE_34,bus_07,0.5,1000.0,20.0,full,18,2126.5947099376876,2126.594709937687,82.36350960832286,82.36350960832286,1.0000000000000004,1
IEEE_34,bus_07,0.5,1000.0,20.0,upper,12,2570.8671758375913,2570.8671758375913,90.79492608427334,90.79492608427333,1.0,1
IEEE_34,bus_07,0.5,1000.0,20.0,diagonal,6,8005.573286881723,8005.573286881723,213.91219521575522,213.91219521575522,1.0,1
IEEE_34,bus_07,0.5,1000.0,30.0,full,18,672.4882943468203,672.4882943468203,26.0456286447463,26.0456286447463,1.0,1
IEEE_34,bus_07,0.5,1000.0,30.0,upper,12,812.979583741139,812.9795837411388,28.711876641293685,28.711876641293685,1.0000000000000002,1
IEEE_34,bus_07,0.5,1000.0,30.0,diagonal,6,2531.584556194682,2531.584556194682,67.64497561683599,67.64497561683599,1.0,1
IEEE_34,bus_07,0.5,1000.0,40.0,full,18,212.65947099376868,212.65947099376868,8.236350960832286,8.236350960832286,1.0,1
IEEE_34,bus_07,0.5,1000.0,40.0,upper,12,257.0867175837592,257.0867175837592,9.079492608427334,9.079492608427334,1.0,1
IEEE_34,bus_07,0.5,1000.0,40.0,diagonal,6,800.5573286881723,800.5573286881723,21.39121952157552,21.39121952157552,1.0,1
IEEE_34,bus_07,0.5,1000.0,50.0,full,18,67.24882943468204,67.24882943468204,2.6045628644746306,2.6045628644746306,1.0,1
IEEE_34,bus_07,0.5,1000.0,50.0,upper,12,81.2979583741139,81.2979583741139,2.8711876641293683,2.8711876641293683,1.0,1
IEEE_34,bus_07,0.5,1000.0,50.0,diagonal,6,253.15845561946816,253.15845561946816,6.764497561683598,6.764497561683598,1.0,1
IEEE_34,bus_07,0.5,1000.0,inf,full,18,1.2418194431100723e-147,nan,3.3836062606001934e-149,nan,nan,1
IEEE_34,bus_07,0.5,1000.0,inf,upper,12,1.350679040370883e-147,nan,3.6451435436163625e-149,nan,nan,1
IEEE_34,bus_07,0.5,1000.0,inf,diagonal,6,1.4974384160672546e-147,nan,4.001174405422742e-149,nan,nan,1
IEEE_34,bus_07,0.5,2000.0,20.0,full,18,4244.258106669018,4244.258106669018,164.22313943621697,164.22313943621697,1.0,1
IEEE_34,bus_07,0.5,2000.0,20.0,upper,12,5132.366676216644,5132.366676216644,181.02400593268217,181.02400593268217,1.0,1
IEEE_34,bus_07,0.5,2000.0,20.0,diagonal,6,16034.684910990767,16034.684910990767,427.4888982144078,427.4888982144078,1.0,1
IEEE_34,bus_07,0.5,2000.0,30.0,full,18,1342.1522594707983,1342.1522594707983,51.93191651218658,51.93191651218658,1.0,1
IEEE_34,bus_07,0.5,2000.0,30.0,upper,12,1622.9968483992532,1622.9968483992532,57.2448169915109,57.2448169915109,1.0,1
IEEE_34,bus_07,0.5,2000.0,30.0,diagonal,6,5070.612588186511,5070.612588186511,135.1838592793416,135.1838592793416,1.0,1
IEEE_34,bus_07,0.5,2000.0,40.0,full,18,424.4258106669018,424.4258106669018,16.422313943621695,16.422313943621695,1.0,1
IEEE_34,bus_07,0.5,2000.0,40.0,upper,12,513.2366676216644,513.2366676216644,18.102400593268214,18.102400593268214,1.0,1
IEEE_34,bus_07,0.5,2000.0,40.0,diagonal,6,1603.4684910990763,1603.4684910990763,42.74888982144076,42.74888982144076,1.0,1
IEEE_34,bus_07,0.5,2000.0,50.0,full,18,134.2152259470798,134.2152259470798,5.193191651218657,5.193191651218657,1.0,1
IEEE_34,bus_07,0.5,2000.0,50.0,upper,12,162.2996848399253,162.2996848399253,5.724481699151091,5.724481699151091,1.0,1
IEEE_34,bus_07,0.5,2000.0,50.0,diagonal,6,507.06125881865097,507.06125881865097,13.51838592793416,13.51838592793416,1.0,1
IEEE_34,bus_07,0.5,2000.0,inf,full,18,2.4906997698047234e-147,nan,6.7720119543103565e-149,nan,nan,1
IEEE_34,bus_07,0.5,2000.0,inf,upper,12,2.7106127482730585e-147,nan,7.299268935472217e-149,nan,nan,1
IEEE_34,bus_07,0.5,2000.0,inf,diagonal,6,3.007729157565029e-147,nan,8.018618485981083e-149,nan,nan,1
IEEE_34,bus_07,0.5,5000.0,20.0,full,18,10597.257977981904,10597.257977981904,409.80297844169337,409.80297844169326,1.0,1
IEEE_34,bus_07,0.5,5000.0,20.0,upper,12,12816.87924635954,12816.87924635954,451.71245930064515,451.7124593006451,1.0,1
IEEE_34,bus_07,0.5,5000.0,20.0,diagonal,6,40122.42405876651,40122.424058766504,1068.2276161164395,1068.2276161164395,1.0000000000000002,1
IEEE_34,bus_07,0.5,5000.0,30.0,full,18,3351.1472162813307,3351.1472162813307,129.59108037966308,129.59108037966308,1.0,1
IEEE_34,bus_07,0.5,5000.0,30.0,upper,12,4053.05309138385,4053.05309138385,142.8440218866148,142.8440218866148,1.0,1
IEEE_34,bus_07,0.5,5000.0,30.0,diagonal,6,12687.824527283965,12687.824527283965,337.80323264199404,337.80323264199404,1.0,1
IEEE_34,bus_07,0.5,5000.0,40.0,full,18,1059.7257977981903,1059.7257977981903,40.980297844169336,40.980297844169336,1.0,1
IEEE_34,bus_07,0.5,5000.0,40.0,upper,12,1281.687924635954,1281.687924635954,45.17124593006451,45.17124593006451,1.0,1
IEEE_34,bus_07,0.5,5000.0,40.0,diagonal,6,4012.242405876649,4012.242405876649,106.8227616116439,106.8227616116439,1.0,1
IEEE_34,bus_07,0.5,5000.0,50.0,full,18,335.11472162813305,335.11472162813305,12.959108037966306,12.959108037966306,1.0,1
IEEE_34,bus_07,0.5,5000.0,50.0,upper,12,405.3053091383851,405.3053091383851,14.284402188661483,14.284402188661483,1.0,1
IEEE_34,bus_07,0.5,5000.0,50.0,diagonal,6,1268.782452728396,1268.782452728396,33.78032326419939,33.78032326419939,1.0,1
IEEE_34,bus_07,0.5,5000.0,inf,full,18,6.237389641194437e-147,nan,1.6937284362628385e-148,nan,nan,1
IEEE_34,bus_07,0.5,5000.0,inf,upper,12,6.790497747098019e-147,nan,1.826176125253709e-148,nan,nan,1
IEEE_34,bus_07,0.5,5000.0,inf,diagonal,6,7.538757408145084e-147,nan,2.007120417660278e-148,nan,nan,1
IEEE_34,bus_10,0.5,100.0,20.0,full,18,261.9595908432345,261.9595908432345,8.448397200752883,8.448397200752881,1.0,1
IEEE_34,bus_10,0.5,100.0,20.0,upper,12,301.9215130418025,301.9215130418024,9.56649101906641,9.566491019066408,1.0000000000000002,1
IEEE_34,bus_10,0.5,100.0,20.0,diagonal,6,795.5663665799115,795.5663665799115,23.652188853693534,23.652188853693534,1.0,1
IEEE_34,bus_10,0.5,100.0,30.0,full,18,82.83889619904096,82.83889619904095,2.6716177732169912,2.6716177732169903,1.0000000000000002,1
IEEE_34,bus_10,0.5,100.0,30.0,upper,12,95.4759655816328,95.47596558163279,3.0251900835795142,3.0251900835795142,1.0000000000000002,1
IEEE_34,bus_10,0.5,100.0,30.0,diagonal,6,251.5801748216981,251.5801748216981,7.479478842611859,7.479478842611859,1.0,1
IEEE_34,bus_10,0.5,100.0,40.0,full,18,26.195959084323444,26.195959084323444,0.8448397200752881,0.8448397200752881,1.0,1
IEEE_34,bus_10,0.5,100.0,40.0,upper,12,30.192151304180243,30.192151304180243,0.9566491019066409,0.9566491019066408,1.0,1
IEEE_34,bus_10,0.5,100.0,40.0,diagonal,6,79.55663665799116,79.55663665799116,2.365218885369354,2.365218885369354,1.0,1
IEEE_34,bus_10,0.5,100.0,50.0,full,18,8.283889619904095,8.283889619904095,0.2671617773216991,0.26716177732169905,1.0,1
IEEE_34,bus_10,0.5,100.0,50.0,upper,12,9.54759655816328,9.54759655816328,0.30251900835795137,0.30251900835795137,1.0,1
IEEE_34,bus_10,0.5,100.0,50.0,diagonal,6,25.158017482169807,25.158017482169807,0.747947884261186,0.7479478842611859,1.0,1
IEEE_34,bus_10,0.5,100.0,inf,full,18,1.2049338107755677e-148,nan,3.597801278216665e-150,nan,nan,1
IEEE_34,bus_10,0.5,100.0,inf,upper,12,1.2989109951014344e-148,nan,3.870042932504228e-150,nan,nan,1
IEEE_34,bus_10,0.5,100.0,inf,diagonal,6,1.4241843783395415e-148,nan,4.23372956887609e-150,nan,nan,1
IEEE_34,bus_10,0.5,500.0,20.0,full,18,1259.6661969118031,1259.666196911803,40.180796558075485,40.180796558075485,1.0000000000000002,1
IEEE_34,bus_10,0.5,500.0,20.0,upper,12,1455.2239038978444,1455.2239038978441,45.39195182308422,45.39195182308422,1.0000000000000002,1
IEEE_34,bus_10,0.5,500.0,20.0,diagonal,6,3998.439918371716,3998.439918371715,114.99882488265833,114.9988248826583,1.0000000000000002,1
IEEE_34,bus_10,0.5,500.0,30.0,full,18,398.3414273763458,398.3414273763458,12.706283532337256,12.706283532337256,1.0,1
IEEE_34,bus_10,0.5,500.0,30.0,upper,12,460.18220418391707,460.18220418391707,14.354195520157859,14.354195520157859,1.0,1
IEEE_34,bus_10,0.5,500.0,30.0,diagonal,6,1264.4177229392362,1264.4177229392362,36.36582148720461,36.36582148720461,1.0,1
IEEE_34,bus_10,0.5,500.0,40.0,full,18,125.9666196911803,125.9666196911803,4.018079655807549,4.018079655807548,1.0,1
IEEE_34,bus_10,0.5,500.0,40.0,upper,12,145.52239038978448,145.52239038978445,4.539195182308423,4.539195182308422,1.0000000000000002,1
IEEE_34,bus_10,0.5,500.0,40.0,diagonal,6,399.8439918371717,399.8439918371717,11.499882488265838,11.499882488265834,1.0,1
IEEE_34,bus_10,0.5,500.0,50.0,full,18,39.83414273763458,39.83414273763458,1.270628353233726,1.270628353233726,0.9999999999999999,1
IEEE_34,bus_10,0.5,500.0,50.0,upper,12,46.0182204183917,46.0182204183917,1.4354195520157857,1.4354195520157857,1.0,1
IEEE_34,bus_10,0.5,500.0,50.0,diagonal,6,126.44177229392358,126.44177229392358,3.6365821487204606,3.6365821487204606,1.0,1
IEEE_34,bus_10,0.5,500.0,inf,full,18,6.198525656686263e-148,nan,1.7933429082859407e-149,nan,nan,1
IEEE_34,bus_10,0.5,500.0,inf,upper,12,6.725795348725603e-148,nan,1.9402416795126115e-149,nan,nan,1
IEEE_34,bus_10,0.5,500.0,inf,diagonal,6,7.445848431978081e-148,nan,2.141436275546163e-149,nan,nan,1
IEEE_34,bus_10,0.5,1000.0,20.0,full,18,2506.8863140204126,2506.886314020412,79.85452088375743,79.85452088375743,1.0000000000000002,1
IEEE_34,bus_10,0.5,1000.0,20.0,upper,12,2896.9375818875155,2896.937581887515,90.18480021857668,90.18480021857667,1.0000000000000002,1
IEEE_34,bus_10,0.5,1000.0,20.0,diagonal,6,8003.597122021195,8003.597122021195,229.22885131222733,229.22885131222733,1.0,1
IEEE_34,bus_10,0.5,1000.0,30.0,full,18,792.7470587408602,792.7470587408603,25.25221674541554,25.252216745415545,0.9999999999999999,1
IEEE_34,bus_10,0.5,1000.0,30.0,upper,12,916.0920998105092,916.0920998105095,28.518937901795333,28.518937901795333,0.9999999999999998,1
IEEE_34,bus_10,0.5,1000.0,30.0,diagonal,6,2530.959637995556,2530.9596379955574,72.48852755707159,72.48852755707162,0.9999999999999996,1
IEEE_34,bus_10,0.5,1000.0,40.0,full,18,250.6886314020412,250.68863140204124,7.9854520883757445,7.9854520883757445,0.9999999999999998,1
IEEE_34,bus_10,0.5,1000.0,40.0,upper,12,289.6937581887515,289.69375818875153,9.018480021857666,9.018480021857668,0.9999999999999999,1
IEEE_34,bus_10,0.5,1000.0,40.0,diagonal,6,800.3597122021196,800.3597122021196,22.922885131222742,22.922885131222742,1.0,1
IEEE_34,bus_10,0.5,1000.0,50.0,full,18,79.27470587408601,79.27470587408601,2.5252216745415543,2.5252216745415543,1.0,1
IEEE_34,bus_10,0.5,1000.0,50.0,upper,12,91.60920998105094,91.60920998105094,2.8518937901795334,2.8518937901795334,1.0,1
IEEE_34,bus_10,0.5,1000.0,50.0,diagonal,6,253.09596379955565,253.09596379955565,7.248852755707159,7.248852755707159,1.0,1
IEEE_34,bus_10,0.5,1000.0,inf,full,18,1.2442873249656425e-147,nan,3.585646996669457e-149,nan,nan,1
IEEE_34,bus_10,0.5,1000.0,inf,upper,12,1.3513169281999852e-147,nan,3.8823869656951508e-149,nan,nan,1
IEEE_34,bus_10,0.5,1000.0,inf,diagonal,6,1.497959524971183e-147,nan,4.2901820906755336e-149,nan,nan,1
IEEE_34,bus_10,0.5,2000.0,20.0,full,18,5001.342545711863,5001.342545711862,159.20337598104237,159.20337598104234,1.0000000000000002,1
IEEE_34,bus_10,0.5,2000.0,20.0,upper,12,5780.381063822712,5780.381063822711,179.7723655813083,179.7723655813083,1.0000000000000002,1
IEEE_34,bus_10,0.5,2000.0,20.0,diagonal,6,16014.192177244957,16014.192177244959,457.6969724217208,457.69697242172066,0.9999999999999998,1
IEEE_34,bus_10,0.5,2000.0,30.0,full,18,1581.5633803154274,1581.5633803154274,50.34452792882373,50.34452792882373,1.0,1
IEEE_34,bus_10,0.5,2000.0,30.0,upper,12,1827.9169905386893,1827.9169905386893,56.8490135593394,56.8490135593394,1.0,1
IEEE_34,bus_10,0.5,2000.0,30.0,diagonal,6,5064.132216774497,5064.132216774497,144.7364911015911,144.7364911015911,1.0,1
IEEE_34,bus_10,0.5,2000.0,40.0,full,18,500.1342545711863,500.1342545711863,15.920337598104238,15.920337598104233,1.0,1
IEEE_34,bus_10,0.5,2000.0,40.0,upper,12,578.0381063822713,578.038106382271,17.977236558130834,17.97723655813083,1.0000000000000002,1
IEEE_34,bus_10,0.5,2000.0,40.0,diagonal,6,1601.419217724496,1601.4192177244959,45.76969724217209,45.76969724217208,1.0000000000000002,1
IEEE_34,bus_10,0.5,2000.0,50.0,full,18,158.15633803154276,158.15633803154273,5.034452792882374,5.034452792882373,1.0000000000000002,1
IEEE_34,bus_10,0.5,2000.0,50.0,upper,12,182.7916990538689,182.7916990538689,5.68490135593394,5.68490135593394,1.0,1
IEEE_34,bus_10,0.5,2000.0,50.0,diagonal,6,506.4132216774494,506.4132216774494,14.473649110159101,14.473649110159101,1.0,1
IEEE_34,bus_10,0.5,2000.0,inf,full,18,2.4931971269252677e-147,nan,7.170312984020116e-149,nan,nan,1
IEEE_34,bus_10,0.5,2000.0,inf,upper,12,2.708857333887305e-147,nan,7.766779353796662e-149,nan,nan,1
IEEE_34,bus_10,0.5,2000.0,inf,diagonal,6,3.004827900000056e-147,nan,8.58787938701254e-149,nan,nan,1
IEEE_34,bus_10,0.5,5000.0,20.0,full,18,12484.721613440748,12484.721613440748,397.25100745646773,397.25100745646773,1.0,1
IEEE_34,bus_10,0.5,5000.0,20.0,upper,12,14430.721225651603,14430.721225651603,448.53653534616393,448.53653534616393,1.0,1
IEEE_34,bus_10,0.5,5000.0,20.0,diagonal,6,40046.20322663731,40046.20322663731,1143.1083908429719,1143.1083908429719,1.0,1
IEEE_34,bus_10,0.5,5000.0,30.0,full,18,3948.0156251605003,3948.0156251605003,125.62179863589702,125.62179863589702,1.0,1
IEEE_34,bus_10,0.5,5000.0,30.0,upper,12,4563.394735199573,4563.394735199573,141.8397065494499,141.8397065494499,1.0,1
IEEE_34,bus_10,0.5,5000.0,30.0,diagonal,6,12663.721383815799,12663.721383815799,361.48261275137526,361.48261275137526,1.0,1
IEEE_34,bus_10,0.5,5000.0,40.0,full,18,1248.472161344075,1248.472161344075,39.72510074564676,39.72510074564677,1.0,1
IEEE_34,bus_10,0.5,5000.0,40.0,upper,12,1443.0721225651605,1443.0721225651605,44.8536535346164,44.8536535346164,1.0,1
IEEE_34,bus_10,0.5,5000.0,40.0,diagonal,6,4004.6203226637317,4004.6203226637317,114.31083908429721,114.31083908429721,1.0,1
IEEE_34,bus_10,0.5,5000.0,50.0,full,18,394.80156251605007,394.80156251605007,12.562179863589702,12.562179863589702,1.0,1
IEEE_34,bus_10,0.5,5000.0,50.0,upper,12,456.3394735199573,456.3394735199573,14.183970654944991,14.183970654944991,1.0,1
IEEE_34,bus_10,0.5,5000.0,50.0,diagonal,6,1266.3721383815805,1266.3721383815805,36.14826127513755,36.14826127513755,1.0,1
IEEE_34,bus_10,0.5,5000.0,inf,full,18,6.239958380200857e-147,nan,1.792436440728922e-148,nan,nan,1
IEEE_34,bus_10,0.5,5000.0,inf,upper,12,6.781530968694325e-147,nan,1.9420046773948127e-148,nan,nan,1
IEEE_34,bus_10,0.5,5000.0,inf,diagonal,6,7.525529158185063e-147,nan,2.148114803174598e-148,nan,nan,1
IEEE_34,bus_13,0.5,100.0,20.0,full,18,358.2652601969536,358.2652601969536,7.922797916769117,7.922797916769117,1.0,1
IEEE_34,bus_13,0.5,100.0,20.0,upper,12,414.9631837405842,414.9631837405842,9.427114998160883,9.427114998160881,1.0,1
IEEE_34,bus_13,0.5,100.0,20.0,diagonal,6,1037.9636029428395,1037.9636029428393,26.33647492035477,26.336474920354764,1.0000000000000002,1
IEEE_34,bus_13,0.5,100.0,30.0,full,18,113.2934228735238,113.2934228735238,2.5054086858227556,2.505408685822755,1.0,1
IEEE_34,bus_13,0.5,100.0,30.0,upper,12,131.22288057351957,131.22288057351957,2.9811155158522435,2.9811155158522435,1.0,1
IEEE_34,bus_13,0.5,100.0,30.0,diagonal,6,328.2329113654024,328.2329113654024,8.32832462882227,8.32832462882227,1.0,1
IEEE_34,bus_13,0.5,100.0,40.0,full,18,35.82652601969536,35.82652601969536,0.7922797916769116,0.7922797916769116,1.0,1
IEEE_34,bus_13,0.5,100.0,40.0,upper,12,41.496318374058426,41.496318374058426,0.9427114998160883,0.9427114998160881,1.0,1
IEEE_34,bus_13,0.5,100.0,40.0,diagonal,6,103.79636029428391,103.79636029428391,2.633647492035476,2.633647492035476,1.0,1
IEEE_34,bus_13,0.5,100.0,50.0,full,18,11.32934228735238,11.329342287352379,0.2505408685822755,0.2505408685822755,1.0000000000000002,1
IEEE_34,bus_13,0.5,100.0,50.0,upper,12,13.12228805735196,13.122288057351957,0.29811155158522434,0.2981115515852243,1.0000000000000002,1
IEEE_34,bus_13,0.5,100.0,50.0,diagonal,6,32.82329113654024,32.82329113654023,0.832832462882227,0.8328324628822267,1.0000000000000004,1
IEEE_34,bus_13,0.5,100.0,inf,full,18,1.5703440154040254e-148,nan,3.9437938292286836e-150,nan,nan,1
IEEE_34,bus_13,0.5,100.0,inf,upper,12,1.695540656871509e-148,nan,4.2793124559966003e-150,nan,nan,1
IEEE_34,bus_13,0.5,100.0,inf,diagonal,6,1.86727421049794e-148,nan,4.737372853713635e-150,nan,nan,1
IEEE_34,bus_13,0.5,500.0,20.0,full,18,1728.192588389931,1728.192588389931,37.57519668029973,37.57519668029974,1.0,1
IEEE_34,bus_13,0.5,500.0,20.0,upper,12,2003.244493009819,2003.244493009819,44.54025287644301,44.54025287644301,1.0,1
IEEE_34,bus_13,0.5,500.0,20.0,diagonal,6,5250.267920309159,5250.267920309159,128.17443172371037,128.17443172371037,1.0,1
IEEE_34,bus_13,0.5,500.0,30.0,full,18,546.5024814734045,546.5024814734045,11.882320503854489,11.882320503854489,1.0000000000000002,1
IEEE_34,bus_13,0.5,500.0,30.0,upper,12,633.4815308100282,633.4815308100282,14.084864664942614,14.084864664942614,1.0,1
IEEE_34,bus_13,0.5,500.0,30.0,diagonal,6,1660.2804954292349,1660.2804954292353,40.53231420446665,40.53231420446666,0.9999999999999998,1
IEEE_34,bus_13,0.5,500.0,40.0,full,18,172.8192588389931,172.81925883899305,3.7575196680299743,3.7575196680299743,1.0000000000000002,1
IEEE_34,bus_13,0.5,500.0,40.0,upper,12,200.32444930098197,200.32444930098197,4.454025287644302,4.454025287644302,1.0,1
IEEE_34,bus_13,0.5,500.0,40.0,diagonal,6,525.0267920309158,525.0267920309158,12.817443172371037,12.817443172371037,1.0,1
IEEE_34,bus_13,0.5,500.0,50.0,full,18,54.65024814734045,54.65024814734045,1.188232050385449,1.188232050385449,1.0,1
IEEE_34,bus_13,0.5,500.0,50.0,upper,12,63.348153081002835,63.348153081002835,1.4084864664942616,1.4084864664942613,1.0,1
IEEE_34,bus_13,0.5,500.0,50.0,diagonal,6,166.02804954292353,166.02804954292353,4.053231420446665,4.053231420446665,1.0,1
IEEE_34,bus_13,0.5,500.0,inf,full,18,8.083527515250997e-148,nan,1.956159866696842e-149,nan,nan,1
IEEE_34,bus_13,0.5,500.0,inf,upper,12,8.790534063915818e-148,nan,2.1363257197906365e-149,nan,nan,1
IEEE_34,bus_13,0.5,500.0,inf,diagonal,6,9.786961622223517e-148,nan,2.3892007308120356e-149,nan,nan,1
IEEE_34,bus_13,0.5,1000.0,20.0,full,18,3440.6643993747366,3440.6643993747366,74.65124267347554,74.65124267347554,1.0,1
IEEE_34,bus_13,0.5,1000.0,20.0,upper,12,3988.6413553648267,3988.6413553648267,88.4459701814776,88.44597018147762,1.0,1
IEEE_34,bus_13,0.5,1000.0,20.0,diagonal,6,10518.69499482859,10518.69499482859,255.5402187266324,255.5402187266324,1.0,1
IEEE_34,bus_13,0.5,1000.0,30.0,full,18,1088.0336166279383,1088.0336166279383,23.60679570101401,23.60679570101401,1.0,1
IEEE_34,bus_13,0.5,1000.0,30.0,upper,12,1261.3191452493916,1261.3191452493916,27.96907156368053,27.96907156368053,1.0,1
IEEE_34,bus_13,0.5,1000.0,30.0,diagonal,6,3326.303419627138,3326.303419627137,80.80891249537706,80.80891249537704,1.0000000000000002,1
IEEE_34,bus_13,0.5,1000.0,40.0,full,18,344.06643993747366,344.06643993747366,7.465124267347555,7.465124267347555,1.0,1
IEEE_34,bus_13,0.5,1000.0,40.0,upper,12,398.86413553648265,398.86413553648265,8.844597018147763,8.844597018147763,1.0,1
IEEE_34,bus_13,0.5,1000.0,40.0,diagonal,6,1051.8694994828581,1051.8694994828581,25.554021872663224,25.554021872663224,1.0,1
IEEE_34,bus_13,0.5,1000.0,50.0,full,18,108.80336166279388,108.80336166279385,2.360679570101402,2.360679570101401,1.0000000000000002,1
IEEE_34,bus_13,0.5,1000.0,50.0,upper,12,126.13191452493918,126.13191452493918,2.7969071563680528,2.7969071563680528,1.0,1
IEEE_34,bus_13,0.5,1000.0,50.0,diagonal,6,332.63034196271366,332.63034196271366,8.080891249537704,8.080891249537704,1.0,1
IEEE_34,bus_13,0.5,1000.0,inf,full,18,1.622881769014193e-147,nan,3.9088785287078103e-149,nan,nan,1
IEEE_34,bus_13,0.5,1000.0,inf,upper,12,1.766530163740012e-147,nan,4.272636602308631e-149,nan,nan,1
IEEE_34,bus_13,0.5,1000.0,inf,diagonal,6,1.969734850614641e-147,nan,4.7851349274270456e-149,nan,nan,1
IEEE_34,bus_13,0.5,2000.0,20.0,full,18,6865.6210215250385,6865.6210215250385,148.8051231470049,148.8051231470049,1.0,1
IEEE_34,bus_13,0.5,2000.0,20.0,upper,12,7959.445309651733,7959.445309651733,176.25981547120435,176.25981547120435,1.0,1
IEEE_34,bus_13,0.5,2000.0,20.0,diagonal,6,21056.10461972352,21056.104619723523,510.2837276094996,510.2837276094997,0.9999999999999999,1
IEEE_34,bus_13,0.5,2000.0,30.0,full,18,2171.099997955104,2171.099997955104,47.05631166463782,47.05631166463782,1.0,1
IEEE_34,bus_13,0.5,2000.0,30.0,upper,12,2516.9976090043665,2516.9976090043665,55.73824768499903,55.73824768499903,1.0,1
IEEE_34,bus_13,0.5,2000.0,30.0,diagonal,6,6658.524924911992,6658.524924911992,161.36588321669674,161.36588321669674,1.0,1
IEEE_34,bus_13,0.5,2000.0,40.0,full,18,686.5621021525038,686.5621021525038,14.880512314700487,14.880512314700487,1.0,1
IEEE_34,bus_13,0.5,2000.0,40.0,upper,12,795.9445309651733,795.9445309651733,17.625981547120436,17.625981547120436,1.0,1
IEEE_34,bus_13,0.5,2000.0,40.0,diagonal,6,2105.610461972353,2105.610461972353,51.02837276094998,51.02837276094998,1.0,1
IEEE_34,bus_13,0.5,2000.0,50.0,full,18,217.1099997955104,217.1099997955104,4.705631166463782,4.705631166463782,1.0,1
IEEE_34,bus_13,0.5,2000.0,50.0,upper,12,251.69976090043664,251.69976090043664,5.573824768499903,5.573824768499903,1.0,1
IEEE_34,bus_13,0.5,2000.0,50.0,diagonal,6,665.8524924911993,665.8524924911995,16.136588321669677,16.13658832166968,0.9999999999999998,1
IEEE_34,bus_13,0.5,2000.0,inf,full,18,3.2520060246141504e-147,nan,7.81439784294906e-149,nan,nan,1
IEEE_34,bus_13,0.5,2000.0,inf,upper,12,3.541590158485409e-147,nan,8.545398532432189e-149,nan,nan,1
IEEE_34,bus_13,0.5,2000.0,inf,diagonal,6,3.952007578570179e-147,nan,9.577289319647314e-149,nan,nan,1
IEEE_34,bus_13,0.5,5000.0,20.0,full,18,17140.48999800536,17140.48999800536,371.2681519028387,371.2681519028387,1.0,1
IEEE_34,bus_13,0.5,5000.0,20.0,upper,12,19871.850447825775,19871.850447825775,439.70326180050233,439.70326180050233,1.0,1
IEEE_34,bus_13,0.5,5000.0,20.0,diagonal,6,52668.72480941535,52668.72480941535,1274.5237173573535,1274.5237173573535,1.0,1
IEEE_34,bus_13,0.5,5000.0,30.0,full,18,5420.298860503191,5420.298860503191,117.40529826943474,117.40529826943471,1.0,1
IEEE_34,bus_13,0.5,5000.0,30.0,upper,12,6284.030873736647,6284.030873736647,139.0463801894897,139.0463801894897,1.0000000000000002,1
IEEE_34,bus_13,0.5,5000.0,30.0,diagonal,6,16655.313185437022,16655.313185437022,403.03978787539154,403.03978787539154,1.0,1
IEEE_34,bus_13,0.5,5000.0,40.0,full,18,1714.048999800536,1714.048999800536,37.12681519028387,37.12681519028387,1.0,1
IEEE_34,bus_13,0.5,5000.0,40.0,upper,12,1987.1850447825775,1987.1850447825775,43.97032618005024,43.97032618005024,1.0,1
IEEE_34,bus_13,0.5,5000.0,40.0,diagonal,6,5266.8724809415335,5266.8724809415335,127.45237173573531,127.45237173573531,1.0,1
IEEE_34,bus_13,0.5,5000.0,50.0,full,18,542.029886050319,542.029886050319,11.740529826943472,11.74052982694347,1.0,1
IEEE_34,bus_13,0.5,5000.0,50.0,upper,12,628.4030873736646,628.4030873736646,13.904638018948969,13.904638018948969,1.0,1
IEEE_34,bus_13,0.5,5000.0,50.0,diagonal,6,1665.5313185437017,1665.5313185437017,40.30397878753915,40.30397878753915,1.0,1
IEEE_34,bus_13,0.5,5000.0,inf,full,18,8.139423932212613e-147,nan,1.953102101584872e-148,nan,nan,1
IEEE_34,bus_13,0.5,5000.0,inf,upper,12,8.866846728458682e-147,nan,2.1363795615661014e-148,nan,nan,1
IEEE_34,bus_13,0.5,5000.0,inf,diagonal,6,9.898973175614718e-147,nan,2.3953981040552023e-148,nan,nan,1
IEEE_34,bus_16,0.5,100.0,20.0,full,18,473.1025833749386,473.10258337493866,7.438314108015867,7.438314108015867,0.9999999999999998,1
IEEE_34,bus_16,0.5,100.0,20.0,upper,12,561.1997134952762,561.1997134952762,9.27414658903347,9.274146589033471,1.0,1
IEEE_34,bus_16,0.5,100.0,20.0,diagonal,6,1375.9795005218105,1375.9795005218107,28.74997322199335,28.749973221993358,0.9999999999999999,1
IEEE_34,bus_16,0.5,100.0,30.0,full,18,149.60817303745165,149.60817303745165,2.3522014533093856,2.352201453309386,1.0,1
IEEE_34,bus_16,0.5,100.0,30.0,upper,12,177.46693168790068,177.4669316879007,2.9327426575627316,2.9327426575627324,0.9999999999999999,1
IEEE_34,bus_16,0.5,100.0,30.0,diagonal,6,435.12292353497674,435.12292353497674,9.091539805034872,9.091539805034872,1.0,1
IEEE_34,bus_16,0.5,100.0,40.0,full,18,47.31025833749386,47.31025833749386,0.7438314108015867,0.7438314108015867,1.0,1
IEEE_34,bus_16,0.5,100.0,40.0,upper,12,56.11997134952763,56.11997134952763,0.927414658903347,0.927414658903347,1.0,1
IEEE_34,bus_16,0.5,100.0,40.0,diagonal,6,137.59795005218106,137.59795005218106,2.874997322199336,2.874997322199336,1.0,1
IEEE_34,bus_16,0.5,100.0,50.0,full,18,14.960817303745166,14.960817303745166,0.23522014533093855,0.23522014533093855,1.0,1
IEEE_34,bus_16,0.5,100.0,50.0,upper,12,17.746693168790067,17.746693168790067,0.29327426575627313,0.2932742657562732,1.0,1
IEEE_34,bus_16,0.5,100.0,50.0,diagonal,6,43.512292353497664,43.512292353497664,0.909153980503487,0.909153980503487,1.0,1
IEEE_34,bus_16,0.5,100.0,inf,full,18,2.082517814351293e-148,nan,4.248533411991745e-150,nan,nan,1
IEEE_34,bus_16,0.5,100.0,inf,upper,12,2.2501253340727075e-148,nan,4.6435350659198807e-150,nan,nan,1
IEEE_34,bus_16,0.5,100.0,inf,diagonal,6,2.4859175235277078e-148,nan,5.19355411303181e-150,nan,nan,1
IEEE_34,bus_16,0.5,500.0,20.0,full,18,2299.202345024563,2299.202345024563,35.11555239715566,35.11555239715566,1.0,1
IEEE_34,bus_16,0.5,500.0,20.0,upper,12,2725.9063433029196,2725.9063433029196,43.57651612210823,43.57651612210823,1.0000000000000002,1
IEEE_34,bus_16,0.5,500.0,20.0,diagonal,6,7036.775046623362,7036.775046623362,140.22951989653842,140.22951989653842,1.0,1
IEEE_34,bus_16,0.5,500.0,30.0,full,18,727.0716211877926,727.0716211877926,11.104512686999753,11.104512686999753,1.0,1
IEEE_34,bus_16,0.5,500.0,30.0,upper,12,862.00727331381,862.00727331381,13.780104344091008,13.780104344091008,1.0,1
IEEE_34,bus_16,0.5,500.0,30.0,diagonal,6,2225.2236529567367,2225.223652956737,44.34446780649608,44.344467806496084,0.9999999999999997,1
IEEE_34,bus_16,0.5,500.0,40.0,full,18,229.92023450245628,229.92023450245628,3.511555239715566,3.511555239715566,1.0,1
IEEE_34,bus_16,0.5,500.0,40.0,upper,12,272.5906343302919,272.5906343302919,4.357651612210822,4.357651612210822,1.0,1
IEEE_34,bus_16,0.5,500.0,40.0,diagonal,6,703.6775046623367,703.6775046623367,14.022951989653853,14.022951989653853,1.0,1
IEEE_34,bus_16,0.5,500.0,50.0,full,18,72.70716211877927,72.70716211877927,1.1104512686999752,1.1104512686999752,1.0,1
IEEE_34,bus_16,0.5,500.0,50.0,upper,12,86.20072733138102,86.20072733138102,1.3780104344091006,1.3780104344091006,1.0,1
IEEE_34,bus_16,0.5,500.0,50.0,diagonal,6,222.52236529567372,222.52236529567372,4.434446780649609,4.434446780649609,1.0,1
IEEE_34,bus_16,0.5,500.0,inf,full,18,1.0771001331325872e-147,nan,2.098593373045328e-149,nan,nan,1
IEEE_34,bus_16,0.5,500.0,inf,upper,12,1.1732519161568825e-147,nan,2.310924758928066e-149,nan,nan,1
IEEE_34,bus_16,0.5,500.0,inf,diagonal,6,1.312893812599394e-147,nan,2.6162455450003483e-149,nan,nan,1
IEEE_34,bus_16,0.5,1000.0,20.0,full,18,4581.895548130721,4581.895548130721,69.72624101363807,69.72624101363807,1.0,1
IEEE_34,bus_16,0.5,1000.0,20.0,upper,12,5431.795667872809,5431.795667872809,86.47299667687145,86.47299667687145,1.0,1
IEEE_34,bus_16,0.5,1000.0,20.0,diagonal,6,14119.43056568992,14119.43056568992,279.684728123251,279.684728123251,1.0,1
IEEE_34,bus_16,0.5,1000.0,30.0,full,18,1448.922593307873,1448.922593307873,22.049373428494395,22.049373428494395,1.0,1
IEEE_34,bus_16,0.5,1000.0,30.0,upper,12,1717.6846095113565,1717.6846095113567,27.34516255990851,27.34516255990851,0.9999999999999998,1
IEEE_34,bus_16,0.5,1000.0,30.0,diagonal,6,4464.955985217983,4464.955985217984,88.44407676344235,88.44407676344237,0.9999999999999999,1
IEEE_34,bus_16,0.5,1000.0,40.0,full,18,458.18955481307205,458.189554813072,6.972624101363808,6.972624101363808,1.0000000000000002,1
IEEE_34,bus_16,0.5,1000.0,40.0,upper,12,543.1795667872809,543.1795667872809,8.647299667687145,8.647299667687145,1.0,1
IEEE_34,bus_16,0.5,1000.0,40.0,diagonal,6,1411.9430565689922,1411.9430565689922,27.968472812325103,27.968472812325103,1.0,1
IEEE_34,bus_16,0.5,1000.0,50.0,full,18,144.89225933078734,144.89225933078734,2.2049373428494397,2.204937342849439,1.0,1
IEEE_34,bus_16,0.5,1000.0,50.0,upper,12,171.7684609511357,171.76846095113567,2.734516255990851,2.734516255990851,1.0000000000000002,1
IEEE_34,bus_16,0.5,1000.0,50.0,diagonal,6,446.49559852179823,446.49559852179823,8.844407676344238,8.844407676344238,1.0,1
IEEE_34,bus_16,0.5,1000.0,inf,full,18,2.1638691234218647e-147,nan,4.191475826911626e-149,nan,nan,1
IEEE_34,bus_16,0.5,1000.0,inf,upper,12,2.3596586017190855e-147,nan,4.6203143504566295e-149,nan,nan,1
IEEE_34,bus_16,0.5,1000.0,inf,diagonal,6,2.6452658782403936e-147,nan,5.2397241847177805e-149,nan,nan,1
IEEE_34,bus_16,0.5,2000.0,20.0,full,18,9147.291611089382,9147.291611089382,138.95002791857337,138.95002791857337,1.0,1
IEEE_34,bus_16,0.5,2000.0,20.0,upper,12,10843.574787180703,10843.574787180703,172.26908293223508,172.2690829322351,1.0,1
IEEE_34,bus_16,0.5,2000.0,20.0,diagonal,6,28285.956590395916,28285.956590395916,558.6136175766384,558.6136175766385,1.0,1
IEEE_34,bus_16,0.5,2000.0,30.0,full,18,2892.6275912793576,2892.6275912793576,43.939856916667715,43.93985691666771,1.0,1
IEEE_34,bus_16,0.5,2000.0,30.0,upper,12,3429.0394305866625,3429.0394305866625,54.47626724943009,54.47626724943009,1.0,1
IEEE_34,bus_16,0.5,2000.0,30.0,diagonal,6,8944.804862230163,8944.804862230161,176.64913635284478,176.64913635284472,1.0000000000000002,1
IEEE_34,bus_16,0.5,2000.0,40.0,full,18,914.7291611089382,914.7291611089382,13.895002791857333,13.895002791857333,1.0,1
IEEE_34,bus_16,0.5,2000.0,40.0,upper,12,1084.3574787180703,1084.3574787180703,17.22690829322351,17.22690829322351,1.0,1
IEEE_34,bus_16,0.5,2000.0,40.0,diagonal,6,2828.595659039592,2828.595659039593,55.86136175766386,55.86136175766386,0.9999999999999998,1
IEEE_34,bus_16,0.5,2000.0,50.0,full,18,289.2627591279358,289.2627591279358,4.393985691666772,4.393985691666772,1.0,1
IEEE_34,bus_16,0.5,2000.0,50.0,upper,12,342.9039430586663,342.9039430586663,5.447626724943009,5.447626724943009,1.0,1
IEEE_34,bus_16,0.5,2000.0,50.0,diagonal,6,894.4804862230159,894.4804862230159,17.664913635284464,17.66491363528447,1.0,1
IEEE_34,bus_16,0.5,2000.0,inf,full,18,4.3375292388289903e-147,nan,8.377355393203795e-149,nan,nan,1
IEEE_34,bus_16,0.5,2000.0,inf,upper,12,4.732667662219462e-147,nan,9.239292655058432e-149,nan,nan,1
IEEE_34,bus_16,0.5,2000.0,inf,diagonal,6,5.310374240182409e-147,nan,1.048710352944784e-148,nan,nan,1
IEEE_34,bus_16,0.5,5000.0,20.0,full,18,22843.50671474353,22843.506714743526,346.6231342514939,346.6231342514938,1.0000000000000002,1
IEEE_34,bus_16,0.5,5000.0,20.0,upper,12,27078.916067471182,27078.916067471182,429.6597811168744,429.6597811168744,1.0,1
IEEE_34,bus_16,0.5,5000.0,20.0,diagonal,6,70786.5910374948,70786.5910374948,1395.4181191077892,1395.4181191077896,1.0,1
IEEE_34,bus_16,0.5,5000.0,30.0,full,18,7223.751096393982,7223.751096393982,109.6118593941044,109.61185939410443,1.0,1
IEEE_34,bus_16,0.5,5000.0,30.0,upper,12,8563.105134173871,8563.105134173871,135.87035272987276,135.87035272987276,1.0,1
IEEE_34,bus_16,0.5,5000.0,30.0,diagonal,6,22384.685547734505,22384.685547734505,441.26995446487416,441.26995446487416,1.0,1
IEEE_34,bus_16,0.5,5000.0,40.0,full,18,2284.3506714743526,2284.3506714743526,34.66231342514939,34.66231342514939,1.0,1
IEEE_34,bus_16,0.5,5000.0,40.0,upper,12,2707.891606747118,2707.891606747118,42.96597811168745,42.96597811168745,1.0,1
IEEE_34,bus_16,0.5,5000.0,40.0,diagonal,6,7078.659103749483,7078.659103749483,139.54181191077902,139.54181191077902,1.0,1
IEEE_34,bus_16,0.5,5000.0,50.0,full,18,722.3751096393981,722.3751096393981,10.961185939410441,10.961185939410441,1.0,1
IEEE_34,bus_16,0.5,5000.0,50.0,upper,12,856.310513417387,856.310513417387,13.587035272987274,13.587035272987274,1.0,1
IEEE_34,bus_16,0.5,5000.0,50.0,diagonal,6,2238.468554773451,2238.468554773451,44.12699544648743,44.12699544648743,1.0,1
IEEE_34,bus_16,0.5,5000.0,inf,full,18,1.0858615023219087e-146,nan,2.093511942705934e-148,nan,nan,1
IEEE_34,bus_16,0.5,5000.0,inf,upper,12,1.1851860561811746e-146,nan,2.30964267527807e-148,nan,nan,1
IEEE_34,bus_16,0.5,5000.0,inf,diagonal,6,1.3306008622809754e-146,nan,2.6229638646411583e-148,nan,nan,1
IEEE_34,bus_19,0.5,100.0,20.0,full,18,632.904625722832,632.904625722832,7.089382471869817,7.089382471869817,1.0,1
IEEE_34,bus_19,0.5,100.0,20.0,upper,12,771.68328760277,771.68328760277,9.162030279130049,9.162030279130049,1.0,1
IEEE_34,bus_19,0.5,100.0,20.0,diagonal,6,1887.644104617398,1887.644104617398,30.715598658423335,30.715598658423335,1.0,1
IEEE_34,bus_19,0.5,100.0,30.0,full,18,200.14201589405417,200.14201589405417,2.241859581518321,2.2418595815183204,1.0,1
IEEE_34,bus_19,0.5,100.0,30.0,upper,12,244.027682111153,244.027682111153,2.8972883673479215,2.8972883673479206,1.0,1
IEEE_34,bus_19,0.5,100.0,30.0,diagonal,6,596.925478238014,596.9254782380142,9.713125145622996,9.713125145623,0.9999999999999996,1
IEEE_34,bus_19,0.5,100.0,40.0,full,18,63.29046257228321,63.29046257228321,0.7089382471869817,0.7089382471869817,1.0,1
IEEE_34,bus_19,0.5,100.0,40.0,upper,12,77.168328760277,77.168328760277,0.9162030279130048,0.9162030279130048,1.0,1
IEEE_34,bus_19,0.5,100.0,40.0,diagonal,6,188.76441046173977,188.76441046173977,3.071559865842333,3.071559865842333,1.0,1
IEEE_34,bus_19,0.5,100.0,50.0,full,18,20.01420158940541,20.01420158940541,0.22418595815183207,0.22418595815183207,1.0,1
IEEE_34,bus_19,0.5,100.0,50.0,upper,12,24.4027682111153,24.402768211115298,0.28972883673479205,0.28972883673479205,1.0000000000000002,1
IEEE_34,bus_19,0.5,100.0,50.0,diagonal,6,59.69254782380142,59.69254782380141,0.9713125145623,0.9713125145622997,1.0000000000000002,1
IEEE_34,bus_19,0.5,100.0,inf,full,18,2.86759756831175e-148,nan,4.5007900508229685e-150,nan,nan,1
IEEE_34,bus_19,0.5,100.0,inf,upper,12,3.0958832602560052e-148,nan,4.9436337372766e-150,nan,nan,1
IEEE_34,bus_19,0.5,100.0,inf,diagonal,6,3.422464904575355e-148,nan,5.568472232627913e-150,nan,nan,1
IEEE_34,bus_19,0.5,500.0,20.0,full,18,3126.525960281475,3126.525960281475,33.302845059461085,33.302845059461085,1.0000000000000002,1
IEEE_34,bus_19,0.5,500.0,20.0,upper,12,3802.355930607347,3802.355930607347,42.79191274250332,42.79191274250331,1.0,1
IEEE_34,bus_19,0.5,500.0,20.0,diagonal,6,9852.01741053399,9852.017410533992,150.5786961389308,150.57869613893084,0.9999999999999999,1
IEEE_34,bus_19,0.5,500.0,30.0,full,18,988.6943198134599,988.6943198134597,10.531284295158265,10.531284295158265,1.0000000000000002,1
IEEE_34,bus_19,0.5,500.0,30.0,upper,12,1202.410521536836,1202.410521536836,13.531990970149284,13.531990970149284,1.0000000000000002,1
IEEE_34,bus_19,0.5,500.0,30.0,diagonal,6,3115.4814564921558,3115.4814564921558,47.617164689742346,47.617164689742346,1.0,1
IEEE_34,bus_19,0.5,500.0,40.0,full,18,312.6525960281475,312.6525960281475,3.3302845059461084,3.330284505946108,1.0,1
IEEE_34,bus_19,0.5,500.0,40.0,upper,12,380.2355930607347,380.2355930607347,4.279191274250331,4.279191274250331,1.0000000000000002,1
IEEE_34,bus_19,0.5,500.0,40.0,diagonal,6,985.2017410533989,985.2017410533989,15.05786961389308,15.05786961389308,1.0,1
IEEE_34,bus_19,0.5,500.0,50.0,full,18,98.86943198134598,98.86943198134598,1.0531284295158265,1.0531284295158265,1.0,1
IEEE_34,bus_19,0.5,500.0,50.0,upper,12,120.24105215368361,120.24105215368361,1.3531990970149281,1.3531990970149281,1.0,1
IEEE_34,bus_19,0.5,500.0,50.0,diagonal,6,311.5481456492155,311.5481456492155,4.761716468974234,4.761716468974234,1.0,1
IEEE_34,bus_19,0.5,500.0,inf,full,18,1.502437462360127e-147,nan,2.2172661308418095e-149,nan,nan,1
IEEE_34,bus_19,0.5,500.0,inf,upper,12,1.6378690448690614e-147,nan,2.4580100998263427e-149,nan,nan,1
IEEE_34,bus_19,0.5,500.0,inf,diagonal,6,1.8395537899738227e-147,nan,2.811474241546245e-149,nan,nan,1
IEEE_34,bus_19,0.5,1000.0,20.0,full,18,6244.052680147216,6244.052680147215,66.09024758914335,66.09024758914335,1.0000000000000002,1
IEEE_34,bus_19,0.5,1000.0,20.0,upper,12,7590.977765179332,7590.977765179332,84.8540532438446,84.8540532438446,1.0,1
IEEE_34,bus_19,0.5,1000.0,20.0,diagonal,6,19825.23064361965,19825.23064361965,300.590999979011,300.590999979011,1.0,1
IEEE_34,bus_19,0.5,1000.0,30.0,full,18,1974.5428299344035,1974.5428299344037,20.899571350614515,20.89957135061451,0.9999999999999998,1
IEEE_34,bus_19,0.5,1000.0,30.0,upper,12,2400.4779405661493,2400.477940566149,26.833207694774803,26.833207694774803,1.0000000000000002,1
IEEE_34,bus_19,0.5,1000.0,30.0,diagonal,6,6269.2883972004,6269.2883972004,95.05522040813003,95.05522040813003,1.0000000000000002,1
IEEE_34,bus_19,0.5,1000.0,40.0,full,18,624.4052680147215,624.4052680147215,6.609024758914335,6.609024758914335,1.0,1
IEEE_34,bus_19,0.5,1000.0,40.0,upper,12,759.0977765179332,759.0977765179332,8.48540532438446,8.48540532438446,1.0,1
IEEE_34,bus_19,0.5,1000.0,40.0,diagonal,6,1982.5230643619648,1982.5230643619648,30.059099997901093,30.059099997901093,1.0,1
IEEE_34,bus_19,0.5,1000.0,50.0,full,18,197.45428299344036,197.45428299344036,2.089957135061451,2.089957135061451,1.0,1
IEEE_34,bus_19,0.5,1000.0,50.0,upper,12,240.0477940566149,240.0477940566149,2.68332076947748,2.68332076947748,1.0,1
IEEE_34,bus_19,0.5,1000.0,50.0,diagonal,6,626.9288397200402,626.9288397200401,9.505522040813004,9.505522040813004,1.0000000000000002,1
IEEE_34,bus_19,0.5,1000.0,inf,full,18,3.023693719735539e-147,nan,4.427328990839757e-149,nan,nan,1
IEEE_34,bus_19,0.5,1000.0,inf,upper,12,3.300771368206793e-147,nan,4.914435571131905e-149,nan,nan,1
IEEE_34,bus_19,0.5,1000.0,inf,diagonal,6,3.715766584077884e-147,nan,5.6336966187786885e-149,nan,nan,1
IEEE_34,bus_19,0.5,2000.0,20.0,full,18,12479.193255709119,12479.193255709119,131.6685449083244,131.66854490832438,1.0,1
IEEE_34,bus_19,0.5,2000.0,20.0,upper,12,15168.267338461155,15168.267338461155,168.9825314798828,168.98253147988277,1.0,1
IEEE_34,bus_19,0.5,2000.0,20.0,diagonal,6,39775.03095129148,39775.03095129148,600.6497965957358,600.6497965957358,1.0,1
IEEE_34,bus_19,0.5,2000.0,30.0,full,18,3946.267404945285,3946.267404945285,41.63724981104712,41.63724981104713,1.0,1
IEEE_34,bus_19,0.5,2000.0,30.0,upper,12,4796.627294787739,4796.627294787739,53.43696842575333,53.43696842575333,1.0,1
IEEE_34,bus_19,0.5,2000.0,30.0,diagonal,6,12577.969180977487,12577.969180977485,189.94214333593757,189.94214333593754,1.0000000000000002,1
IEEE_34,bus_19,0.5,2000.0,40.0,full,18,1247.9193255709117,1247.9193255709117,13.16685449083244,13.16685449083244,1.0,1
IEEE_34,bus_19,0.5,2000.0,40.0,upper,12,1516.8267338461153,1516.8267338461153,16.898253147988278,16.898253147988278,1.0,1
IEEE_34,bus_19,0.5,2000.0,40.0,diagonal,6,3977.503095129149,3977.5030951291506,60.06497965957359,60.06497965957361,0.9999999999999997,1
IEEE_34,bus_19,0.5,2000.0,50.0,full,18,394.6267404945285,394.6267404945285,4.163724981104713,4.163724981104712,1.0,1
IEEE_34,bus_19,0.5,2000.0,50.0,upper,12,479.6627294787739,479.6627294787738,5.343696842575332,5.343696842575332,1.0000000000000002,1
IEEE_34,bus_19,0.5,2000.0,50.0,diagonal,6,1257.7969180977493,1257.796918097749,18.99421433359376,18.994214333593764,1.0000000000000002,1
IEEE_34,bus_19,0.5,2000.0,inf,full,18,6.066500855955023e-147,nan,8.847642335597045e-149,nan,nan,1
IEEE_34,bus_19,0.5,2000.0,inf,upper,12,6.627040772066259e-147,nan,9.827622309135957e-149,nan,nan,1
IEEE_34,bus_19,0.5,2000.0,inf,diagonal,6,7.469059710185611e-147,nan,1.127888463809209e-148,nan,nan,1
IEEE_34,bus_19,0.5,5000.0,20.0,full,18,31184.66939578309,31184.66939578309,328.406108456788,328.406108456788,1.0,1
IEEE_34,bus_19,0.5,5000.0,20.0,upper,12,37900.15682157733,37900.15682157733,421.3712547275195,421.3712547275195,1.0,1
IEEE_34,bus_19,0.5,5000.0,20.0,diagonal,6,99626.99939897077,99626.99939897079,1500.8526857053992,1500.8526857053992,0.9999999999999999,1
IEEE_34,bus_19,0.5,5000.0,30.0,full,18,9861.458337002141,9861.458337002141,103.85113002357345,103.85113002357345,1.0,1
IEEE_34,bus_19,0.5,5000.0,30.0,upper,12,11985.08192337522,11985.081923375223,133.24929054619545,133.24929054619545,0.9999999999999999,1
IEEE_34,bus_19,0.5,5000.0,30.0,diagonal,6,31504.82345489738,31504.823454897392,474.61129192098974,474.61129192098986,0.9999999999999997,1
IEEE_34,bus_19,0.5,5000.0,40.0,full,18,3118.46693957831,3118.4669395783094,32.8406108456788,32.8406108456788,1.0000000000000002,1
IEEE_34,bus_19,0.5,5000.0,40.0,upper,12,3790.0156821577334,3790.0156821577334,42.137125472751954,42.137125472751954,1.0,1
IEEE_34,bus_19,0.5,5000.0,40.0,diagonal,6,9962.69993989708,9962.699939897077,150.08526857053994,150.08526857053988,1.0000000000000002,1
IEEE_34,bus_19,0.5,5000.0,50.0,full,18,986.1458337002139,986.1458337002139,10.385113002357345,10.385113002357345,1.0,1
IEEE_34,bus_19,0.5,5000.0,50.0,upper,12,1198.5081923375221,1198.5081923375221,13.324929054619544,13.324929054619544,1.0,1
IEEE_34,bus_19,0.5,5000.0,50.0,diagonal,6,3150.4823454897387,3150.4823454897387,47.46112919209899,47.46112919209899,1.0,1
IEEE_34,bus_19,0.5,5000.0,inf,full,18,1.519514193869089e-146,nan,2.2108728006844168e-148,nan,nan,1
IEEE_34,bus_19,0.5,5000.0,inf,upper,12,1.6606202158245918e-146,nan,2.4567443057361262e-148,nan,nan,1
IEEE_34,bus_19,0.5,5000.0,inf,diagonal,6,1.872961273625774e-146,nan,2.821503039818681e-148,nan,nan,1
IEEE_34,bus_22,0.5,100.0,20.0,full,18,649.1503379683829,649.1503379683828,6.990099676775114,6.990099676775114,1.0000000000000002,1
IEEE_34,bus_22,0.5,100.0,20.0,upper,12,797.1311376812343,797.1311376812342,9.152641982154263,9.152641982154263,1.0000000000000002,1
IEEE_34,bus_22,0.5,100.0,20.0,diagonal,6,1920.4701735531862,1920.4701735531862,32.32212988435743,32.32212988435743,1.0,1
IEEE_34,bus_22,0.5,100.0,30.0,full,18,205.27936118481708,205.27936118481708,2.2104636050216153,2.2104636050216153,1.0,1
IEEE_34,bus_22,0.5,100.0,30.0,upper,12,252.07499889139714,252.07499889139714,2.8943195271685664,2.894319527168566,1.0,1
IEEE_34,bus_22,0.5,100.0,30.0,diagonal,6,607.3059926846934,607.3059926846933,10.221154926236428,10.221154926236428,1.0000000000000002,1
IEEE_34,bus_22,0.5,100.0,40.0,full,18,64.9150337968383,64.91503379683829,0.6990099676775116,0.6990099676775116,1.0000000000000002,1
IEEE_34,bus_22,0.5,100.0,40.0,upper,12,79.71311376812343,79.71311376812343,0.9152641982154264,0.9152641982154264,1.0,1
IEEE_34,bus_22,0.5,100.0,40.0,diagonal,6,192.04701735531867,192.04701735531867,3.232212988435744,3.2322129884357436,1.0,1
IEEE_34,bus_22,0.5,100.0,50.0,full,18,20.52793611848171,20.52793611848171,0.22104636050216153,0.22104636050216153,1.0,1
IEEE_34,bus_22,0.5,100.0,50.0,upper,12,25.20749988913972,25.20749988913972,0.28943195271685657,0.28943195271685657,1.0,1
IEEE_34,bus_22,0.5,100.0,50.0,diagonal,6,60.730599268469334,60.73059926846932,1.022115492623643,1.0221154926236429,1.0000000000000002,1
IEEE_34,bus_22,0.5,100.0,inf,full,18,2.9208879354123973e-148,nan,4.6867386845434547e-150,nan,nan,1
IEEE_34,bus_22,0.5,100.0,inf,upper,12,3.1528401943476164e-148,nan,5.175011296365923e-150,nan,nan,1
IEEE_34,bus_22,0.5,100.0,inf,diagonal,6,3.4917389420650504e-148,nan,5.876198193380808e-150,nan,nan,1
IEEE_34,bus_22,0.5,500.0,20.0,full,18,3170.1902876732097,3170.1902876732097,32.59780773026867,32.59780773026867,1.0,1
IEEE_34,bus_22,0.5,500.0,20.0,upper,12,3890.2623734622493,3890.2623734622493,42.49071833033963,42.49071833033963,1.0,1
IEEE_34,bus_22,0.5,500.0,20.0,diagonal,6,9864.633051310808,9864.633051310808,156.34479705158853,156.3447970515885,1.0,1
IEEE_34,bus_22,0.5,500.0,30.0,full,18,1002.5021925191759,1002.5021925191759,10.308331915589273,10.308331915589273,1.0,1
IEEE_34,bus_22,0.5,500.0,30.0,upper,12,1230.208979579329,1230.208979579329,13.436744934054008,13.436744934054008,1.0,1
IEEE_34,bus_22,0.5,500.0,30.0,diagonal,6,3119.4708723918798,3119.4708723918798,49.440565899979745,49.440565899979745,1.0,1
IEEE_34,bus_22,0.5,500.0,40.0,full,18,317.0190287673209,317.0190287673209,3.259780773026867,3.259780773026867,1.0,1
IEEE_34,bus_22,0.5,500.0,40.0,upper,12,389.02623734622495,389.02623734622495,4.2490718330339625,4.2490718330339625,1.0,1
IEEE_34,bus_22,0.5,500.0,40.0,diagonal,6,986.4633051310805,986.4633051310805,15.634479705158846,15.634479705158846,1.0,1
IEEE_34,bus_22,0.5,500.0,50.0,full,18,100.2502192519176,100.25021925191757,1.0308331915589273,1.0308331915589273,1.0000000000000002,1
IEEE_34,bus_22,0.5,500.0,50.0,upper,12,123.02089795793287,123.02089795793287,1.3436744934054006,1.3436744934054006,1.0,1
IEEE_34,bus_22,0.5,500.0,50.0,diagonal,6,311.94708723918785,311.94708723918774,4.944056589997972,4.944056589997971,1.0000000000000002,1
IEEE_34,bus_22,0.5,500.0,inf,full,18,1.5081738706869764e-147,nan,2.2817009460493477e-149,nan,nan,1
IEEE_34,bus_22,0.5,500.0,inf,upper,12,1.641427143518674e-147,nan,2.5388022988735123e-149,nan,nan,1
IEEE_34,bus_22,0.5,500.0,inf,diagonal,6,1.8429914514666393e-147,nan,2.920851819472024e-149,nan,nan,1
IEEE_34,bus_22,0.5,1000.0,20.0,full,18,6321.934967079452,6321.934967079451,64.62943967365439,64.62943967365439,1.0000000000000002,1
IEEE_34,bus_22,0.5,1000.0,20.0,upper,12,7757.036634220969,7757.036634220969,84.19156911502522,84.19156911502522,1.0,1
IEEE_34,bus_22,0.5,1000.0,20.0,diagonal,6,19807.415211043728,19807.415211043728,311.519312124225,311.51931212422494,1.0,1
IEEE_34,bus_22,0.5,1000.0,30.0,full,18,1999.1713715432666,1999.1713715432666,20.437623326919717,20.437623326919717,1.0,1
IEEE_34,bus_22,0.5,1000.0,30.0,upper,12,2452.990365750469,2452.990365750469,26.623711818696645,26.623711818696638,1.0,1
IEEE_34,bus_22,0.5,1000.0,30.0,diagonal,6,6263.654662756294,6263.654662756294,98.51105614414573,98.51105614414573,1.0,1
IEEE_34,bus_22,0.5,1000.0,40.0,full,18,632.1934967079451,632.1934967079451,6.462943967365438,6.462943967365438,1.0,1
IEEE_34,bus_22,0.5,1000.0,40.0,upper,12,775.703663422097,775.703663422097,8.419156911502522,8.419156911502522,1.0,1
IEEE_34,bus_22,0.5,1000.0,40.0,diagonal,6,1980.7415211043729,1980.7415211043729,31.1519312124225,31.1519312124225,1.0,1
IEEE_34,bus_22,0.5,1000.0,50.0,full,18,199.91713715432667,199.91713715432667,2.0437623326919723,2.0437623326919714,1.0,1
IEEE_34,bus_22,0.5,1000.0,50.0,upper,12,245.29903657504687,245.29903657504687,2.6623711818696645,2.6623711818696636,1.0,1
IEEE_34,bus_22,0.5,1000.0,50.0,diagonal,6,626.3654662756292,626.3654662756289,9.85110561441457,9.851105614414568,1.0000000000000002,1
IEEE_34,bus_22,0.5,1000.0,inf,full,18,3.029526214548335e-147,nan,4.548960145130031e-149,nan,nan,1
IEEE_34,bus_22,0.5,1000.0,inf,upper,12,3.30098021931037e-147,nan,5.066935255592077e-149,nan,nan,1
IEEE_34,bus_22,0.5,1000.0,inf,diagonal,6,3.7135958763270466e-147,nan,5.840354908859052e-149,nan,nan,1
IEEE_34,bus_22,0.5,2000.0,20.0,full,18,12625.50382923706,12625.50382923706,128.69645431438684,128.69645431438684,1.0,1
IEEE_34,bus_22,0.5,2000.0,20.0,upper,12,15490.649848667827,15490.649848667828,167.5980618596248,167.5980618596248,0.9999999999999998,1
IEEE_34,bus_22,0.5,2000.0,20.0,diagonal,6,39695.30620292617,39695.30620292617,621.8938444934031,621.8938444934031,1.0,1
IEEE_34,bus_22,0.5,2000.0,30.0,full,18,3992.5348707566677,3992.5348707566677,40.6973922421266,40.6973922421266,1.0,1
IEEE_34,bus_22,0.5,2000.0,30.0,upper,12,4898.573595793296,4898.573595793296,52.99916069062096,52.99916069062096,1.0,1
IEEE_34,bus_22,0.5,2000.0,30.0,diagonal,6,12552.758001905673,12552.75800190567,196.66010114377167,196.66010114377158,1.0000000000000002,1
IEEE_34,bus_22,0.5,2000.0,40.0,full,18,1262.5503829237057,1262.5503829237057,12.869645431438684,12.869645431438684,1.0,1
IEEE_34,bus_22,0.5,2000.0,40.0,upper,12,1549.0649848667829,1549.0649848667829,16.75980618596248,16.759806185962482,1.0,1
IEEE_34,bus_22,0.5,2000.0,40.0,diagonal,6,3969.5306202926154,3969.5306202926154,62.18938444934029,62.18938444934029,1.0,1
IEEE_34,bus_22,0.5,2000.0,50.0,full,18,399.25348707566684,399.25348707566684,4.06973922421266,4.06973922421266,1.0,1
IEEE_34,bus_22,0.5,2000.0,50.0,upper,12,489.8573595793296,489.8573595793296,5.299916069062096,5.299916069062096,1.0,1
IEEE_34,bus_22,0.5,2000.0,50.0,diagonal,6,1255.2758001905675,1255.2758001905675,19.666010114377166,19.666010114377166,1.0,1
IEEE_34,bus_22,0.5,2000.0,inf,full,18,6.072449592334923e-147,nan,9.083635788834485e-149,nan,nan,1
IEEE_34,bus_22,0.5,2000.0,inf,upper,12,6.620421746355696e-147,nan,1.012345341602247e-148,nan,nan,1
IEEE_34,bus_22,0.5,2000.0,inf,diagonal,6,7.455421166100065e-147,nan,1.1679887763882027e-148,nan,nan,1
IEEE_34,bus_22,0.5,5000.0,20.0,full,18,31536.259735656477,31536.259735656477,320.9003315283269,320.9003315283269,1.0,1
IEEE_34,bus_22,0.5,5000.0,20.0,upper,12,38691.50606823291,38691.50606823291,417.82130675972604,417.82130675972604,1.0,1
IEEE_34,bus_22,0.5,5000.0,20.0,diagonal,6,99360.88464228911,99360.88464228906,1553.0409061247224,1553.040906124722,1.0000000000000004,1
IEEE_34,bus_22,0.5,5000.0,30.0,full,18,9972.640964733404,9972.640964733404,101.47759495326547,101.47759495326547,1.0,1
IEEE_34,bus_22,0.5,5000.0,30.0,upper,12,12235.328527784222,12235.328527784222,132.1266984308641,132.1266984308641,1.0,1
IEEE_34,bus_22,0.5,5000.0,30.0,diagonal,6,31420.670579887814,31420.670579887814,491.11465627658663,491.11465627658663,1.0,1
IEEE_34,bus_22,0.5,5000.0,40.0,full,18,3153.625973565648,3153.625973565648,32.09003315283269,32.09003315283269,1.0,1
IEEE_34,bus_22,0.5,5000.0,40.0,upper,12,3869.150606823291,3869.150606823291,41.78213067597262,41.78213067597262,1.0,1
IEEE_34,bus_22,0.5,5000.0,40.0,diagonal,6,9936.088464228907,9936.088464228907,155.3040906124722,155.3040906124722,1.0,1
IEEE_34,bus_22,0.5,5000.0,50.0,full,18,997.2640964733405,997.2640964733405,10.147759495326548,10.147759495326548,1.0,1
IEEE_34,bus_22,0.5,5000.0,50.0,upper,12,1223.5328527784227,1223.5328527784225,13.212669843086411,13.212669843086411,1.0000000000000002,1
IEEE_34,bus_22,0.5,5000.0,50.0,diagonal,6,3142.0670579887815,3142.0670579887815,49.11146562765867,49.11146562765867,1.0,1
IEEE_34,bus_22,0.5,5000.0,inf,full,18,1.5201391628182167e-146,nan,2.268781857568945e-148,nan,nan,1
IEEE_34,bus_22,0.5,5000.0,inf,upper,12,1.6579013833381234e-146,nan,2.5293247281411676e-148,nan,nan,1
IEEE_34,bus_22,0.5,5000.0,inf,diagonal,6,1.8681401393761672e-146,nan,2.9198967050140698e-148,nan,nan,1
IEEE_34,bus_25,0.5,100.0,20.0,full,18,926.0165709198487,926.0165709198487,6.841256215491864,6.841256215491864,1.0,1
IEEE_34,bus_25,0.5,100.0,20.0,upper,12,1162.8191503580967,1162.8191503580967,9.130352187140849,9.130352187140849,1.0,1
IEEE_34,bus_25,0.5,100.0,20.0,diagonal,6,2831.616327833124,2831.616327833124,33.25987660728376,33.25987660728376,1.0,1
IEEE_34,bus_25,0.5,100.0,30.0,full,18,292.83215151655645,292.8321515165565,2.163395169773799,2.163395169773799,0.9999999999999999,1
IEEE_34,bus_25,0.5,100.0,30.0,upper,12,367.71570219933847,367.71570219933847,2.8872708750865006,2.8872708750865006,1.0,1
IEEE_34,bus_25,0.5,100.0,30.0,diagonal,6,895.4357055674712,895.4357055674711,10.517696477517031,10.51769647751703,1.0000000000000002,1
IEEE_34,bus_25,0.5,100.0,40.0,full,18,92.60165709198486,92.60165709198486,0.6841256215491863,0.6841256215491863,1.0,1
IEEE_34,bus_25,0.5,100.0,40.0,upper,12,116.28191503580969,116.28191503580969,0.9130352187140848,0.9130352187140848,1.0,1
IEEE_34,bus_25,0.5,100.0,40.0,diagonal,6,283.16163278331226,283.16163278331226,3.3259876607283747,3.3259876607283747,1.0,1
IEEE_34,bus_25,0.5,100.0,50.0,full,18,29.28321515165565,29.28321515165565,0.21633951697737996,0.21633951697737996,1.0,1
IEEE_34,bus_25,0.5,100.0,50.0,upper,12,36.77157021993386,36.77157021993385,0.2887270875086501,0.28872708750865006,1.0000000000000002,1
IEEE_34,bus_25,0.5,100.0,50.0,diagonal,6,89.54357055674707,89.54357055674707,1.0517696477517027,1.0517696477517027,1.0,1
IEEE_34,bus_25,0.5,100.0,inf,full,18,4.346102695925503e-148,nan,4.834201526348062e-150,nan,nan,1
IEEE_34,bus_25,0.5,100.0,inf,upper,12,4.676989565672615e-148,nan,5.337851930186294e-150,nan,nan,1
IEEE_34,bus_25,0.5,100.0,inf,diagonal,6,5.158052516001556e-148,nan,6.058290265971405e-150,nan,nan,1
IEEE_34,bus_25,0.5,500.0,20.0,full,18,4695.267101937057,4695.267101937057,31.787057846145046,31.787057846145046,1.0,1
IEEE_34,bus_25,0.5,500.0,20.0,upper,12,5867.53165275176,5867.531652751759,42.13698224886655,42.13698224886655,1.0000000000000002,1
IEEE_34,bus_25,0.5,500.0,20.0,diagonal,6,15182.51420186794,15182.51420186794,162.78841334473935,162.78841334473935,1.0,1
IEEE_34,bus_25,0.5,500.0,30.0,full,18,1484.7738264979084,1484.7738264979084,10.05195029093445,10.05195029093445,1.0,1
IEEE_34,bus_25,0.5,500.0,30.0,upper,12,1855.4764265827735,1855.4764265827735,13.324883763250227,13.324883763250227,1.0,1
IEEE_34,bus_25,0.5,500.0,30.0,diagonal,6,4801.132548575615,4801.132548575615,51.478216285432545,51.478216285432545,1.0,1
IEEE_34,bus_25,0.5,500.0,40.0,full,18,469.52671019370564,469.52671019370564,3.1787057846145044,3.178705784614505,1.0,1
IEEE_34,bus_25,0.5,500.0,40.0,upper,12,586.7531652751758,586.753165275176,4.213698224886653,4.213698224886654,0.9999999999999997,1
IEEE_34,bus_25,0.5,500.0,40.0,diagonal,6,1518.2514201867946,1518.2514201867946,16.27884133447394,16.27884133447394,1.0,1
IEEE_34,bus_25,0.5,500.0,50.0,full,18,148.47738264979083,148.47738264979083,1.0051950290934448,1.0051950290934448,1.0,1
IEEE_34,bus_25,0.5,500.0,50.0,upper,12,185.54764265827734,185.54764265827737,1.3324883763250226,1.3324883763250226,0.9999999999999999,1
IEEE_34,bus_25,0.5,500.0,50.0,diagonal,6,480.1132548575615,480.1132548575615,5.147821628543254,5.147821628543254,1.0,1
IEEE_34,bus_25,0.5,500.0,inf,full,18,2.318577877581364e-147,nan,2.3552675203711337e-149,nan,nan,1
IEEE_34,bus_25,0.5,500.0,inf,upper,12,2.52368814437254e-147,nan,2.6298824002510547e-149,nan,nan,1
IEEE_34,bus_25,0.5,500.0,inf,diagonal,6,2.837712176380659e-147,nan,3.0425282640721885e-149,nan,nan,1
IEEE_34,bus_25,0.5,1000.0,20.0,full,18,9411.015616994775,9411.015616994775,63.008234631504216,63.008234631504216,1.0,1
IEEE_34,bus_25,0.5,1000.0,20.0,upper,12,11752.11416416944,11752.114164169438,83.4386954367122,83.4386954367122,1.0000000000000002,1
IEEE_34,bus_25,0.5,1000.0,20.0,diagonal,6,30675.03436725471,30675.03436725471,325.0281704303625,325.0281704303625,1.0,1
IEEE_34,bus_25,0.5,1000.0,30.0,full,18,2976.0244445118315,2976.0244445118315,19.92495327818534,19.92495327818534,1.0,1
IEEE_34,bus_25,0.5,1000.0,30.0,upper,12,3716.3448081101405,3716.3448081101405,26.38563225731082,26.38563225731082,1.0,1
IEEE_34,bus_25,0.5,1000.0,30.0,diagonal,6,9700.29759044668,9700.29759044668,102.78293222773357,102.78293222773357,1.0,1
IEEE_34,bus_25,0.5,1000.0,40.0,full,18,941.1015616994774,941.1015616994774,6.300823463150421,6.3008234631504205,1.0,1
IEEE_34,bus_25,0.5,1000.0,40.0,upper,12,1175.2114164169438,1175.2114164169438,8.343869543671218,8.343869543671216,1.0,1
IEEE_34,bus_25,0.5,1000.0,40.0,diagonal,6,3067.50343672547,3067.50343672547,32.50281704303624,32.50281704303624,1.0,1
IEEE_34,bus_25,0.5,1000.0,50.0,full,18,297.60244445118315,297.60244445118315,1.9924953278185338,1.9924953278185338,1.0,1
IEEE_34,bus_25,0.5,1000.0,50.0,upper,12,371.63448081101404,371.63448081101404,2.6385632257310823,2.6385632257310823,1.0,1
IEEE_34,bus_25,0.5,1000.0,50.0,diagonal,6,970.0297590446683,970.029759044668,10.278293222773359,10.278293222773355,1.0000000000000002,1
IEEE_34,bus_25,0.5,1000.0,inf,full,18,4.678324960572044e-147,nan,4.696797540398901e-149,nan,nan,1
IEEE_34,bus_25,0.5,1000.0,inf,upper,12,5.100747858724097e-147,nan,5.253041354161197e-149,nan,nan,1
IEEE_34,bus_25,0.5,1000.0,inf,diagonal,6,5.75244656675513e-147,nan,6.095055579085486e-149,nan,nan,1
IEEE_34,bus_25,0.5,2000.0,20.0,full,18,18843.268489508668,18843.268489508668,125.457466937283,125.457466937283,1.0,1
IEEE_34,bus_25,0.5,2000.0,20.0,upper,12,23521.919091631822,23521.919091631822,166.04970770739456,166.04970770739456,1.0,1
IEEE_34,bus_25,0.5,2000.0,20.0,diagonal,6,61670.719255388096,61670.719255388096,649.5715842876926,649.5715842876926,1.0,1
IEEE_34,bus_25,0.5,2000.0,30.0,full,18,5958.764698892803,5958.764698892803,39.67313449970831,39.67313449970831,1.0,1
IEEE_34,bus_25,0.5,2000.0,30.0,upper,12,7438.283926775542,7438.28392677554,52.50952811605829,52.50952811605829,1.0000000000000002,1
IEEE_34,bus_25,0.5,2000.0,30.0,diagonal,6,19501.993778782962,19501.993778782962,205.4125709673151,205.4125709673151,1.0,1
IEEE_34,bus_25,0.5,2000.0,40.0,full,18,1884.3268489508666,1884.3268489508666,12.545746693728303,12.545746693728303,1.0,1
IEEE_34,bus_25,0.5,2000.0,40.0,upper,12,2352.191909163182,2352.191909163182,16.604970770739456,16.604970770739456,1.0,1
IEEE_34,bus_25,0.5,2000.0,40.0,diagonal,6,6167.0719255388085,6167.0719255388085,64.95715842876925,64.95715842876925,1.0,1
IEEE_34,bus_25,0.5,2000.0,50.0,full,18,595.8764698892803,595.8764698892802,3.9673134499708316,3.9673134499708316,1.0000000000000002,1
IEEE_34,bus_25,0.5,2000.0,50.0,upper,12,743.8283926775542,743.8283926775542,5.2509528116058295,5.2509528116058295,1.0,1
IEEE_34,bus_25,0.5,2000.0,50.0,diagonal,6,1950.199377878296,1950.199377878296,20.541257096731506,20.541257096731506,1.0,1
IEEE_34,bus_25,0.5,2000.0,inf,full,18,9.39868777533956e-147,nan,9.38015978903477e-149,nan,nan,1
IEEE_34,bus_25,0.5,2000.0,inf,upper,12,1.0256191428055701e-146,nan,1.0499917469268756e-148,nan,nan,1
IEEE_34,bus_25,0.5,2000.0,inf,diagonal,6,1.158434789167249e-146,nan,1.2201415276680608e-148,nan,nan,1
IEEE_34,bus_25,0.5,5000.0,20.0,full,18,47140.689905843414,47140.689905843414,312.81097421260995,312.81097421260995,1.0,1
IEEE_34,bus_25,0.5,5000.0,20.0,upper,12,58831.92124548466,58831.92124548466,413.8889770426067,413.8889770426067,1.0,1
IEEE_34,bus_25,0.5,5000.0,20.0,diagonal,6,154666.72948718644,154666.72948718644,1623.2528939957856,1623.2528939957856,1.0,1
IEEE_34,bus_25,0.5,5000.0,30.0,full,18,14907.195057417362,14907.195057417366,98.91951556080436,98.91951556080436,0.9999999999999998,1
IEEE_34,bus_25,0.5,5000.0,30.0,upper,12,18604.287025938156,18604.287025938156,130.88318658917785,130.88318658917785,1.0,1
IEEE_34,bus_25,0.5,5000.0,30.0,diagonal,6,48909.91434286356,48909.91434286356,513.3176363486542,513.3176363486542,1.0,1
IEEE_34,bus_25,0.5,5000.0,40.0,full,18,4714.068990584341,4714.068990584341,31.281097421261,31.281097421261,1.0,1
IEEE_34,bus_25,0.5,5000.0,40.0,upper,12,5883.1921245484655,5883.1921245484655,41.38889770426068,41.38889770426068,1.0,1
IEEE_34,bus_25,0.5,5000.0,40.0,diagonal,6,15466.672948718644,15466.672948718644,162.32528939957857,162.32528939957857,1.0,1
IEEE_34,bus_25,0.5,5000.0,50.0,full,18,1490.7195057417364,1490.7195057417364,9.891951556080437,9.891951556080437,1.0,1
IEEE_34,bus_25,0.5,5000.0,50.0,upper,12,1860.4287025938158,1860.4287025938158,13.088318658917787,13.088318658917787,1.0,1
IEEE_34,bus_25,0.5,5000.0,50.0,diagonal,6,4890.991434286357,4890.991434286357,51.33176363486543,51.33176363486543,1.0,1
IEEE_34,bus_25,0.5,5000.0,inf,full,18,2.356049839539019e-146,nan,2.3430464400841982e-148,nan,nan,1
IEEE_34,bus_25,0.5,5000.0,inf,upper,12,2.572362755413696e-146,nan,2.6240973823374592e-148,nan,nan,1
IEEE_34,bus_25,0.5,5000.0,inf,diagonal,6,2.908209197811917e-146,nan,3.052154248278121e-148,nan,nan,1
IEEE_34,bus_28,0.5,100.0,20.0,full,18,1571.1874685455468,1571.1874685455468,6.755767688446528,6.755767688446528,1.0,1
IEEE_34,bus_28,0.5,100.0,20.0,upper,12,2023.4380101030633,2023.4380101030633,9.158632276515508,9.158632276515508,1.0,1
IEEE_34,bus_28,0.5,100.0,20.0,diagonal,6,4906.52160658699,4906.52160658699,32.531184794927206,32.531184794927206,1.0,1
IEEE_34,bus_28,0.5,100.0,30.0,full,18,496.85310317180915,496.85310317180915,2.1363613238461827,2.1363613238461827,1.0,1
IEEE_34,bus_28,0.5,100.0,30.0,upper,12,639.8672816084476,639.8672816084476,2.896213824572206,2.896213824572206,1.0,1
IEEE_34,bus_28,0.5,100.0,30.0,diagonal,6,1551.5783665643498,1551.5783665643498,10.287263893580755,10.287263893580755,1.0,1
IEEE_34,bus_28,0.5,100.0,40.0,full,18,157.1187468545547,157.1187468545547,0.6755767688446529,0.6755767688446529,1.0,1
IEEE_34,bus_28,0.5,100.0,40.0,upper,12,202.34380101030638,202.34380101030632,0.9158632276515509,0.9158632276515509,1.0000000000000002,1
IEEE_34,bus_28,0.5,100.0,40.0,diagonal,6,490.6521606586989,490.6521606586989,3.2531184794927204,3.2531184794927204,1.0,1
IEEE_34,bus_28,0.5,100.0,50.0,full,18,49.685310317180914,49.685310317180914,0.21363613238461826,0.21363613238461826,1.0,1
IEEE_34,bus_28,0.5,100.0,50.0,upper,12,63.98672816084478,63.98672816084478,0.28962138245722063,0.28962138245722063,1.0,1
IEEE_34,bus_28,0.5,100.0,50.0,diagonal,6,155.15783665643502,155.15783665643505,1.0287263893580756,1.0287263893580756,0.9999999999999999,1
IEEE_34,bus_28,0.5,100.0,inf,full,18,7.72519424759398e-148,nan,4.8442220530236125e-150,nan,nan,1
IEEE_34,bus_28,0.5,100.0,inf,upper,12,8.236811158822833e-148,nan,5.301997095077553e-150,nan,nan,1
IEEE_34,bus_28,0.5,100.0,inf,diagonal,6,8.9471598071066e-148,nan,5.932188902401484e-150,nan,nan,1
IEEE_34,bus_28,0.5,500.0,20.0,full,18,9016.78331735368,9016.78331735368,31.271540127734255,31.271540127734255,1.0,1
IEEE_34,bus_28,0.5,500.0,20.0,upper,12,11432.93454461248,11432.93454461248,41.93386864316413,41.93386864316413,1.0,1
IEEE_34,bus_28,0.5,500.0,20.0,diagonal,6,29805.755752273035,29805.755752273035,164.92621280585323,164.92621280585323,1.0,1
IEEE_34,bus_28,0.5,500.0,30.0,full,18,2851.357245104647,2851.357245104647,9.88892927449931,9.88892927449931,1.0,1
IEEE_34,bus_28,0.5,500.0,30.0,upper,12,3615.41135005954,3615.4113500595395,13.260653601471327,13.260653601471327,1.0000000000000002,1
IEEE_34,bus_28,0.5,500.0,30.0,diagonal,6,9425.407555984817,9425.407555984813,52.154247833212565,52.154247833212544,1.0000000000000004,1
IEEE_34,bus_28,0.5,500.0,40.0,full,18,901.6783317353679,901.6783317353679,3.127154012773426,3.127154012773426,1.0,1
IEEE_34,bus_28,0.5,500.0,40.0,upper,12,1143.2934544612483,1143.2934544612483,4.193386864316414,4.193386864316414,1.0,1
IEEE_34,bus_28,0.5,500.0,40.0,diagonal,6,2980.5755752273044,2980.5755752273044,16.492621280585325,16.492621280585325,1.0,1
IEEE_34,bus_28,0.5,500.0,50.0,full,18,285.1357245104647,285.1357245104647,0.9888929274499307,0.9888929274499307,1.0,1
IEEE_34,bus_28,0.5,500.0,50.0,upper,12,361.54113500595383,361.54113500595383,1.3260653601471324,1.3260653601471324,1.0,1
IEEE_34,bus_28,0.5,500.0,50.0,diagonal,6,942.5407555984818,942.5407555984818,5.215424783321257,5.215424783321257,1.0,1
IEEE_34,bus_28,0.5,500.0,inf,full,18,4.5831637892431335e-147,nan,2.3914044987436873e-149,nan,nan,1
IEEE_34,bus_28,0.5,500.0,inf,upper,12,4.975366439738008e-147,nan,2.6686808082493965e-149,nan,nan,1
IEEE_34,bus_28,0.5,500.0,inf,diagonal,6,5.572306956063696e-147,nan,3.0832945896455627e-149,nan,nan,1
IEEE_34,bus_28,0.5,1000.0,20.0,full,18,18402.550100774497,18402.550100774497,62.0361300117238,62.036130011723785,1.0,1
IEEE_34,bus_28,0.5,1000.0,20.0,upper,12,23270.01223450781,23270.01223450781,83.00487500301809,83.00487500301809,1.0,1
IEEE_34,bus_28,0.5,1000.0,20.0,diagonal,6,61426.660266167186,61426.660266167186,331.7083732169146,331.7083732169146,1.0,1
IEEE_34,bus_28,0.5,1000.0,30.0,full,18,5819.397307380855,5819.397307380855,19.61754680593753,19.61754680593753,1.0,1
IEEE_34,bus_28,0.5,1000.0,30.0,upper,12,7358.623984102891,7358.623984102891,26.24844619071128,26.24844619071128,1.0,1
IEEE_34,bus_28,0.5,1000.0,30.0,diagonal,6,19424.815549845316,19424.815549845316,104.89539783146448,104.89539783146448,1.0,1
IEEE_34,bus_28,0.5,1000.0,40.0,full,18,1840.2550100774497,1840.2550100774497,6.203613001172379,6.203613001172379,1.0,1
IEEE_34,bus_28,0.5,1000.0,40.0,upper,12,2327.001223450781,2327.001223450781,8.300487500301807,8.300487500301807,1.0,1
IEEE_34,bus_28,0.5,1000.0,40.0,diagonal,6,6142.666026616723,6142.666026616719,33.17083732169149,33.170837321691465,1.0000000000000007,1
IEEE_34,bus_28,0.5,1000.0,50.0,full,18,581.9397307380856,581.9397307380856,1.961754680593753,1.961754680593753,1.0,1
IEEE_34,bus_28,0.5,1000.0,50.0,upper,12,735.8623984102892,735.8623984102892,2.624844619071128,2.624844619071128,1.0,1
IEEE_34,bus_28,0.5,1000.0,50.0,diagonal,6,1942.4815549845316,1942.4815549845316,10.489539783146448,10.489539783146448,1.0,1
IEEE_34,bus_28,0.5,1000.0,inf,full,18,9.391620138054853e-147,nan,4.780726219657463e-149,nan,nan,1
IEEE_34,bus_28,0.5,1000.0,inf,upper,12,1.0227844838092822e-146,nan,5.3529324756530205e-149,nan,nan,1
IEEE_34,bus_28,0.5,1000.0,inf,diagonal,6,1.1520933548983573e-146,nan,6.2212624788980845e-149,nan,nan,1
IEEE_34,bus_28,0.5,2000.0,20.0,full,18,37190.02530769673,37190.02530769673,123.59213930089399,123.59213930089399,1.0,1
IEEE_34,bus_28,0.5,2000.0,20.0,upper,12,46958.469341866854,46958.469341866854,165.16889846713212,165.16889846713212,1.0,1
IEEE_34,bus_28,0.5,2000.0,20.0,diagonal,6,124782.90717262335,124782.90717262335,665.5666440903863,665.5666440903863,1.0,1
IEEE_34,bus_28,0.5,2000.0,30.0,full,18,11760.518621162599,11760.518621162599,39.08326610836354,39.08326610836354,1.0,1
IEEE_34,bus_28,0.5,2000.0,30.0,upper,12,14849.571855548726,14849.571855548726,52.23099177772312,52.23099177772312,1.0,1
IEEE_34,bus_28,0.5,2000.0,30.0,diagonal,6,39459.81997228514,39459.81997228516,210.47065299602673,210.4706529960268,0.9999999999999996,1
IEEE_34,bus_28,0.5,2000.0,40.0,full,18,3719.0025307696724,3719.0025307696724,12.3592139300894,12.359213930089402,1.0,1
IEEE_34,bus_28,0.5,2000.0,40.0,upper,12,4695.846934186685,4695.846934186685,16.516889846713212,16.516889846713212,1.0,1
IEEE_34,bus_28,0.5,2000.0,40.0,diagonal,6,12478.290717262335,12478.290717262335,66.55666440903863,66.55666440903863,1.0,1
IEEE_34,bus_28,0.5,2000.0,50.0,full,18,1176.05186211626,1176.0518621162598,3.9083266108363546,3.9083266108363546,1.0000000000000002,1
IEEE_34,bus_28,0.5,2000.0,50.0,upper,12,1484.9571855548727,1484.9571855548727,5.223099177772312,5.223099177772311,1.0,1
IEEE_34,bus_28,0.5,2000.0,50.0,diagonal,6,3945.9819972285145,3945.9819972285145,21.047065299602675,21.047065299602675,1.0,1
IEEE_34,bus_28,0.5,2000.0,inf,full,18,1.9017505592394656e-146,nan,9.560374273535998e-149,nan,nan,1
IEEE_34,bus_28,0.5,2000.0,inf,upper,12,2.0746030379466607e-146,nan,1.0723694129159538e-148,nan,nan,1
IEEE_34,bus_28,0.5,2000.0,inf,diagonal,6,2.3441553075688334e-146,nan,1.2503019115458784e-148,nan,nan,1
IEEE_34,bus_28,0.5,5000.0,20.0,full,18,93565.57493544774,93565.57493544776,308.2824217888819,308.282421788882,0.9999999999999999,1
IEEE_34,bus_28,0.5,5000.0,20.0,upper,12,118035.2290063313,118035.2290063313,411.6793283338122,411.6793283338122,1.0,1
IEEE_34,bus_28,0.5,5000.0,20.0,diagonal,6,314949.2732315111,314949.27323151124,1667.4054297617213,1667.4054297617222,0.9999999999999996,1
IEEE_34,bus_28,0.5,5000.0,30.0,full,18,29588.032737917696,29588.032737917696,97.4874615445587,97.4874615445587,1.0,1
IEEE_34,bus_28,0.5,5000.0,30.0,upper,12,37326.016779958016,37326.016779958016,130.18443431431376,130.18443431431376,1.0,1
IEEE_34,bus_28,0.5,5000.0,30.0,diagonal,6,99595.70508262748,99595.70508262748,527.2798940978948,527.2798940978948,1.0,1
IEEE_34,bus_28,0.5,5000.0,40.0,full,18,9356.557493544777,9356.557493544777,30.828242178888193,30.828242178888193,1.0,1
IEEE_34,bus_28,0.5,5000.0,40.0,upper,12,11803.522900633128,11803.522900633128,41.16793283338123,41.16793283338123,1.0,1
IEEE_34,bus_28,0.5,5000.0,40.0,diagonal,6,31494.92732315112,31494.92732315112,166.74054297617218,166.74054297617218,1.0,1
IEEE_34,bus_28,0.5,5000.0,50.0,full,18,2958.8032737917692,2958.8032737917692,9.74874615445587,9.74874615445587,1.0,1
IEEE_34,bus_28,0.5,5000.0,50.0,upper,12,3732.601677995801,3732.601677995801,13.018443431431377,13.018443431431377,1.0,1
IEEE_34,bus_28,0.5,5000.0,50.0,diagonal,6,9959.57050826275,9959.57050826275,52.7279894097895,52.7279894097895,1.0,1
IEEE_34,bus_28,0.5,5000.0,inf,full,18,4.790245414426648e-146,nan,2.3900266584278955e-148,nan,nan,1
IEEE_34,bus_28,0.5,5000.0,inf,upper,12,5.231153404093167e-146,nan,2.6838018328252355e-148,nan,nan,1
IEEE_34,bus_28,0.5,5000.0,inf,diagonal,6,5.922334337084893e-146,nan,3.1353507951150495e-148,nan,nan,1
